0,顶级菜单,Root,000,"",fa fa-television,0,"",true,Administrator,2012-10-01 00:00:00.000,false,0x000000000000384D
20140226141743403806953e2cf8af6,上传文件例子,Upload File,201611241127104938174ca14069a09,SysSampleByUpLoad,fa fa-upload,0,,true,admin,2014-02-26 14:17:43.000,true,0x000000000000384E
201407031423352248829979a86e616,我的操作记录,My Log,PersonDocument,SysLog/MyLog,fa fa-history,3,,true,admin,2014-07-03 14:23:35.227,true,0x000000000000384F
201407241558264790957ebaf9fec63,工作流程,Work Flow,0,flow,fa fa-sort-amount-asc,6,,true,admin,2014-07-24 15:58:26.000,false,0x000000000001F419
2014072416001456827811184d8f568,我的申请,My Apply,2016112411212319381743cd4c84fea,Flow/Apply,fa fa-star-o,1,,true,admin,2014-07-24 16:00:14.000,true,0x0000000000003851
20140724160111323524393a36862f6,我的批阅,My Examine ,2016112411212319381743cd4c84fea,Flow/Examine,fa fa-file-text-o,2,,true,admin,2014-07-24 16:01:11.000,true,0x0000000000003852
20140724160317514742081cc11e6e4,流程分类管理,Flow Kind,2014072416041703514641ecf4e17fc,Flow/FlowType,fa fa-cog,4,,true,admin,2014-07-24 16:03:17.517,true,0x0000000000003853
2014072416041703514641ecf4e17fc,流程管理,Flow Manage,201407241558264790957ebaf9fec63,,fa fa-stack-overflow,4,,true,admin,2014-07-24 16:04:17.037,false,0x0000000000003854
2014072416073008218804b9f084b36,模型表单管理,Flow From,2014072416041703514641ecf4e17fc,Flow/Form,fa  fa-map,2,,true,admin,2014-07-24 16:07:30.083,true,0x0000000000003855
201407241609429617883fc6ac31982,所有流程监控,All Flow Track,2014072416041703514641ecf4e17fc,Flow/FlowTrack,fa  fa-bell,3,,true,admin,2014-07-24 16:09:42.963,true,0x0000000000003856
2014072810151508870035cf714dc5d,字段管理,Field Manage,2014072416041703514641ecf4e17fc,Flow/FormAttr,fa fa-list,5,,true,admin,2014-07-28 10:15:15.090,true,0x0000000000003857
201408051046353861313eb85e4ef9b,公司组织架构,Position,DD,SysPosition,fa fa-list,3,公司职位设置,true,admin,2014-08-05 10:46:35.000,true,0x0000000000003858
2014081313224175381911be5492091,起草新申请,New Apply,2016112411212319381743cd4c84fea,Flow/Draf,fa fa-calendar-plus-o,0,,true,admin,2014-08-13 13:22:41.000,true,0x0000000000003859
201605312304598866131890ede44b6,仓储管理,Guide,0,spl,fa  fa-bank,15,,true,admin,2016-05-31 23:04:59.000,false,0x0000000000027115
2016060200402104175466e25a798cf,产品类别,ProductCategory,201611241127104938174ca14069a09,Spl/ProductCategory,fa  fa-puzzle-piece,0,,true,admin,2016-06-02 00:40:21.000,true,0x000000000000385B
201606020040561281897bf62f031c0,报表和万能查询,Product,201611241127104938174ca14069a09,Spl/Product,fa  fa-line-chart,0,,true,admin,2016-06-02 00:40:56.000,true,0x000000000000385C
201606251602070875810f44f87f505,Excel导入和导出,Excel Helper,201611241127104938174ca14069a09,Spl/Person,fa  fa-file-excel-o,0,,true,admin,2016-06-25 16:02:07.000,true,0x000000000000385D
2016080922435852572081e80dd4dd1,ComboTree过滤,ComboTree Fliter,201611241127104938174ca14069a09,Spl/ExtEasyUI/ComboTree,fa fa-puzzle-piece,0,,true,admin,2016-08-09 22:43:58.000,true,0x000000000000385E
20161124111315488817464f920b54f,系统管理,Authorities,0,,fa  fa-shield,100,,true,admin,2016-11-24 11:13:15.000,false,0x0000000000003867
2016112411160586981742d04305473,权限查询,Authorities Query,20161124111315488817464f920b54f,,fa fa-puzzle-piece,101,,true,admin,2016-11-24 11:16:05.000,false,0x0000000000003868
2016112411183638881743b5a255a86,基本信息,,SystemManage,,fa  fa-list,0,,true,admin,2016-11-24 11:18:36.390,false,0x0000000000003869
2016112411212319381743cd4c84fea,我的处理,My Apply,201407241558264790957ebaf9fec63,,fa  fa-retweet,0,,true,admin,2016-11-24 11:21:23.193,false,0x000000000000386A
20161124112512659817453d009fb84,知识库,MIS,0,,fa  fa-book,16,,true,admin,2016-11-24 11:25:12.000,false,0x0000000000027117
201611241127104938174ca14069a09,参考样例,Easy Sample,201605312304598866131890ede44b6,,fa  fa-puzzle-piece,0,,true,admin,2016-11-24 11:27:10.000,false,0x000000000000386C
20161124152221600817463b36b059e,个人中心,Control Panel,0,,fa  fa-user,13,,true,admin,2016-11-24 15:22:21.000,false,0x0000000000027113
2017021417060009210231215e2ea5e,进销存演示,PSI Sample,0,,fa  fa-university,14,,true,admin,2017-02-14 17:06:00.000,false,0x0000000000027114
201702141707554371023d357ac551d,来往单位类别,Company Category,201705091706216410000bb43fa7bab,Spl/ContactCompanyCategory,fa  fa-flag,100,,true,admin,2017-02-14 17:07:55.000,true,0x000000000000386F
201702141709487501023123061c8f1,来往单位,Contact Company,201705091706216410000bb43fa7bab,Spl/ContactCompany,fa  fa-flag,101,,true,admin,2017-02-14 17:09:48.000,true,0x0000000000003870
2017021417111921510238b2ea83210,单位换算,Unit Convert,201705091706216410000bb43fa7bab,Spl/WareUnitConvert,fa  fa-flag,99,,true,admin,2017-02-14 17:11:19.000,true,0x0000000000003871
201702141714221451023791e78a6ae,仓库类别,Warehouse Category,201705091706216410000bb43fa7bab,Spl/WarehouseCategory,fa  fa-flag,98,,true,admin,2017-02-14 17:14:22.000,true,0x0000000000003872
2017021417152885210239bb86d596a,仓库管理,Warehouse,201705091706216410000bb43fa7bab,Spl/Warehouse,fa  fa-flag,97,,true,admin,2017-02-14 17:15:28.000,true,0x0000000000003873
201702141716222961023ec5047a97e,库存明细管理,Ware Details,201705091706216410000bb43fa7bab,Spl/WareDetails,fa  fa-flag-checkered,95,,true,admin,2017-02-14 17:16:22.000,true,0x0000000000003874
201702141728211021023274a9016da,入库单,Warehouse Warrant,201705091705285680000777da99ec5,Spl/WarehouseWarrant,fa  fa-flag-checkered,1,,true,admin,2017-02-14 17:28:21.000,true,0x0000000000003875
20170218165829963832124a8cc1cec,库存类别,Ware Category,201705091706216410000bb43fa7bab,Spl/WareCategory,fa  fa-flag-checkered,96,,true,admin,2017-02-18 16:58:29.000,true,0x0000000000003876
2017041808471587231788ef9ac1b1e,出入库类别,InOut Category,201705091706216410000bb43fa7bab,Spl/InOutCategory,fa  fa-flag,94,,true,admin,2017-04-18 08:47:15.000,true,0x0000000000003877
201705091705285680000777da99ec5,出入库,In Out,2017021417060009210231215e2ea5e,,fa fa-puzzle-piece,0,,true,admin,2017-05-09 17:05:28.567,false,0x0000000000003878
201705091706216410000bb43fa7bab,基础表,Base Info,2017021417060009210231215e2ea5e,,fa  fa-cogs,0,,true,admin,2017-05-09 17:06:21.640,false,0x0000000000003879
201705271431096410000cc57c0a86b,日程管理,Calendar Plan,PersonDocument,SysCalendarPlan,fa  fa-calendar,1,,true,admin,2017-05-27 14:31:09.640,true,0x000000000000387A
2017121012333846800006d3371f51c,顶部菜单,顶部菜单,0,#,fa  fa-diamond,0,,true,admin,2017-12-10 12:33:38.467,false,0x000000000000387B
2017121012353839400000bd8d43409,测试1,,2017121012333846800006d3371f51c,#,fa fa-puzzle-piece,0,,true,admin,2017-12-10 12:35:38.393,true,0x000000000000387C
201803211502338372006dea52b5a15,混合表单,混合表单,201611241127104938174ca14069a09,Demo/BaseDemo,fa fa-puzzle-piece,0,,true,admin,2018-03-21 15:02:33.000,true,0x000000000000387D
2018100721033801536510be8bdc96e,代码生成器,,201605312304598866131890ede44b6,,fa  fa-bug,-10,,true,admin,2018-10-07 21:03:38.000,false,0x000000000000387E
20181007210452879448514b7f1dd19,单页面生成DataGrid,单页面生成DataGrid,2018100721033801536510be8bdc96e,Demo/PageSingle,fa  fa-fire,0,,true,admin,2018-10-07 21:04:52.880,true,0x000000000000387F
2018100721055858937928c01170b61,单页面生成TreeGrid,单页面生成TreeGrid,2018100721033801536510be8bdc96e,Demo/PageTreeSingle,fa  fa-leaf,1,,true,admin,2018-10-07 21:05:58.590,true,0x0000000000003880
201810072106365044424700c60a005,多表生成,多表生成,2018100721033801536510be8bdc96e,Demo/PageDataGridToDataGrid,fa  fa-leaf,3,,true,admin,2018-10-07 21:06:36.503,true,0x0000000000003881
201902141818396772432d0ebf4f6d0,多种报表,多种报表,201611241127104938174ca14069a09,Demo/Echarts,fa  fa-industry,0,,true,admin,2019-02-14 18:18:39.677,true,0x0000000000003882
2019122410042707389827aef86555d,报表管理,ReportManagement,0,,fa  fa-table,12,,true,admin,2019-12-24 10:04:27.000,false,0x0000000000027112
201912241005229109363063501d24f,仓库报表,Warehouse Report,2019122410042707389827aef86555d,,fa  fa-puzzle-piece,0,,true,admin,2019-12-24 10:05:22.000,false,0x000000000000FA01
2019122513441951214947ea60aefad,欧莱雅出库清单,OLY OutGoing List ,201912241005229109363063501d24f,OLYPackingList,fa fa-puzzle-piece,0,,true,admin,2019-12-25 13:44:19.000,true,0x0000000000003888
2019123009100140258234c8769d56c,罐装报表,Canning Report,2019122410042707389827aef86555d,,fa fa-puzzle-piece,0,,true,admin,2019-12-30 09:10:01.000,false,0x000000000000C7B4
20191230104825915361256943a0420,销售出库明细,Sales issue details,201912241005229109363063501d24f,OtherShipOrderDetail,fa fa-puzzle-piece,0,,true,admin,2019-12-30 10:48:25.000,true,0x000000000000388C
202001011209262470819f234a9cc66,设备消毒清单,DledEquipment List,2019123009100140258234c8769d56c,DledEquipmentList,fa fa-puzzle-piece,0,,true,admin,2020-01-01 12:09:26.000,true,0x000000000000388D
202001011331138811564d56d9ad980,设备消毒曲线,DIData,2019123009100140258234c8769d56c,DIData,fa fa-puzzle-piece,0,,true,admin,2020-01-01 13:31:13.000,true,0x000000000000C7C1
20200102183425888964259b5da52d8,宝洁出库单,BJ OutGoing List,201912241005229109363063501d24f,BJShipOrderDetail,fa fa-puzzle-piece,0,,true,admin,2020-01-02 18:34:25.000,true,0x000000000000C7A3
20200106083845811791816b1b14623,工单上料列表,MfgOrderLoadLotList,2019123009100140258234c8769d56c,MfgOrderLoadLotList,fa fa-puzzle-piece,0,,false,admin,2020-01-06 08:38:45.000,true,0x0000000000017706
2020021112221545714072db2c8802f,工艺流程,TechnologicalProcess,202002111220381071409fe86d51064,,fa fa-puzzle-piece,0,,true,admin,2020-02-11 12:22:15.457,false,0x000000000000C356
2020021112311036713933c7d92e165,工艺流程,ProcessFlow,0,,fa  fa-ils,1,,true,admin,2020-02-11 12:31:10.000,false,0x000000000002711D
2020021112315564714004791f7cc51,工艺流程模块,ProcessModule,2020021112311036713933c7d92e165,,fa fa-puzzle-piece,0,,true,admin,2020-02-11 12:31:55.647,false,0x000000000000C35B
2020021112324989714025364dbb6b8,操作,operation,2020021112315564714004791f7cc51,MESGYLC_Operation,fa fa-puzzle-piece,0,,false,admin,2020-02-11 12:32:49.000,true,0x000000000000D6DC
20200211123408937142789a38a8aee,操作指导,OperationGuidance,2020021112315564714004791f7cc51,MESGYLC_Recipe,fa fa-puzzle-piece,0,,true,admin,2020-02-11 12:34:08.000,true,0x000000000000C361
20200211123508947140198f8b87e7a,工序,WorkingProcedure,2020021112315564714004791f7cc51,TechnologicalProcess/MESGYLC_Process,fa fa-puzzle-piece,0,,true,admin,2020-02-11 12:35:08.000,true,0x000000000000C75C
20200211142753943351738005cafdd,BPR,BPR,2020021112315564714004791f7cc51,TechnologicalProcess/MESGYLC_BPR,fa fa-puzzle-piece,0,,true,admin,2020-02-11 14:27:53.000,true,0x000000000000C75B
2020021115504167148726e8ad810a3,配置批量,CapacityList,2020021112315564714004791f7cc51,MESGYLC_CapacityList,fa fa-puzzle-piece,0,,true,admin,2020-02-11 15:50:41.670,true,0x000000000000C365
202002111628548962321b3783f2168,实验室报表,Lab Report,2019122410042707389827aef86555d,,fa fa-puzzle-piece,0,,true,admin,2020-02-11 16:28:54.000,false,0x000000000000C7B5
2020021116302493324000811c17f07,查询管理,Query,202107121146518015020856b509fb6,,fa  fa-search,0,,true,admin,2020-02-11 16:30:24.000,false,0x0000000000027103
202002111630423331969cba7a8cc01,成品报表,Finished Product Report,2019122410042707389827aef86555d,,fa fa-puzzle-piece,0,,true,admin,2020-02-11 16:30:42.000,false,0x000000000000C7BC
202002111647293606445fa876dcb30,设备停机时间表,EquipmentDownTimeReport,2019123009100140258234c8769d56c,EquipmentDownTimeReport,fa fa-puzzle-piece,0,,true,admin,2020-02-11 16:47:29.000,true,0x000000000000C739
202002111652001616337979c5039ae,收发料查询,ReceiptShipmentQuery,2020021116302493324000811c17f07,ReceiptShipmentQuery,fa fa-puzzle-piece,0,,true,admin,2020-02-11 16:52:00.000,true,0x000000000000C73A
202002111652262801210695525fa29,库存查询,StockQuery,2020021116302493324000811c17f07,StockQuery2?LotEstate=0,fa fa-puzzle-piece,0,,true,admin,2020-02-11 16:52:26.000,true,0x000000000002EE12
2020021116525944522240c2a5a355d,销售装车查询2,BillhiStoryQuery2,2020021116302493324000811c17f07,BillhiStoryQuery2,fa fa-puzzle-piece,0,,true,admin,2020-02-11 16:52:59.000,true,0x0000000000023282
202002111653198304330a92503749f,到期物料,ExpireMateriel,2020021116302493324000811c17f07,ExpireMateriel,fa fa-puzzle-piece,0,,true,admin,2020-02-11 16:53:19.000,true,0x000000000000C73E
2020021116571955936443368a10189,在线产品检验表（检验通用项目）,Online product check report,202002111630423331969cba7a8cc01,OnlineProductCheck,fa fa-puzzle-piece,0,,true,admin,2020-02-11 16:57:19.000,true,0x000000000000C7B9
202002111816281108035fc8810006c,罐装巡检工艺设置,MESGYLC_CIPSettings,2020021112315564714004791f7cc51,MESGYLC_CIPSettings,fa fa-puzzle-piece,7,,false,admin,2020-02-11 18:16:28.000,true,0x000000000000D6DA
2020021214564563029509d090c1a5b,罐装工艺审批,MESGYLC_FPA,2020021112315564714004791f7cc51,MESGYLC_FPA,fa fa-puzzle-piece,0,,true,admin,2020-02-12 14:56:45.000,true,0x0000000000011952
202002132211278004077f95b181764,罐装巡检工艺审批,MESGYLC_CIPApprove,2020021112315564714004791f7cc51,MESGYLC_CIPApprove,fa fa-puzzle-piece,8,,false,admin,2020-02-13 22:11:27.000,true,0x000000000000D6DB
202002141202510089544ce42fffd54,包装信息查询,ProductPackageWay,2020021116302493324000811c17f07,ProductPackageWay,fa fa-puzzle-piece,0,,true,admin,2020-02-14 12:02:51.000,true,0x000000000000C742
20200214120350346348362065011e7,BPR配置批量,BPRSize,2020021116302493324000811c17f07,BPRSize,fa fa-puzzle-piece,0,,true,admin,2020-02-14 12:03:50.000,true,0x000000000000C743
20200214120752728211866336d93c8,工单产出入库查询,MoinStock,2020021116302493324000811c17f07,MoinStock,fa fa-puzzle-piece,0,,true,admin,2020-02-14 12:07:52.727,true,0x000000000000C744
2020021412084778036061f75efeb5e,工单批次查询,MfgOrderBatch,2020021116302493324000811c17f07,MfgOrderBatch,fa fa-puzzle-piece,0,,true,admin,2020-02-14 12:08:47.780,true,0x000000000000C745
202002151505345819836bc929aa67d,成品批次,MFGBacthList,2020021116302493324000811c17f07,MFGBacthList,fa fa-puzzle-piece,0,,true,admin,2020-02-15 15:05:34.583,true,0x000000000000C74B
20200217092055688765885f024e855,产品检测通用检验报表,OQC,202002111628548962321b3783f2168,OQC,fa fa-puzzle-piece,0,,true,admin,2020-02-17 09:20:55.000,true,0x0000000000023289
2020021709415646416259506cb61de,半成品（原液）检验 ,Blanks,202002111628548962321b3783f2168,Blanks,fa fa-puzzle-piece,0,,false,admin,2020-02-17 09:41:56.000,true,0x0000000000023287
2020021709425842361422eb4cf907a,原料检验,Stock,202002111628548962321b3783f2168,Stock,fa fa-puzzle-piece,0,,false,admin,2020-02-17 09:42:58.000,true,0x0000000000023288
2020021809494446372675c322a1e6d,安利-罐装头检验报告,AnLiInspection_Filler,202002111628548962321b3783f2168,AnLiInspection_Filler,fa fa-puzzle-piece,0,,true,admin,2020-02-18 09:49:44.000,true,0x000000000000C7BE
202002180950221328812de02577564,安利-到货检验报告,AnLiInspection_BP,202002111628548962321b3783f2168,AnLiInspection_BP,fa fa-puzzle-piece,0,,true,admin,2020-02-18 09:50:22.000,true,0x000000000000C7BF
202002181534476093521aea3df7492,成品外观检查报表,InspectionSYSCPAppearance,202002111630423331969cba7a8cc01,InspectionSYSCPAppearance,fa fa-puzzle-piece,0,,true,admin,2020-02-18 15:34:47.000,true,0x000000000000C788
2020022012391216278481a9c1175dd,在线PGA检查表,GetOnLinePGAppearanceItem,202002111630423331969cba7a8cc01,GetOnLinePGAppearanceItem,fa fa-puzzle-piece,0,,true,admin,2020-02-20 12:39:12.000,true,0x000000000002EE2F
20200222103449720573329f83421ab,企业架构,EnterpriseArchitecture,0,spl,fa  fa-sitemap,3,,true,admin,2020-02-22 10:34:49.000,false,0x0000000000027109
2020022211241477816490131385abc,企业架构模块,ArchitectureModule,20200222103449720573329f83421ab,,fa fa-puzzle-piece,0,,true,admin,2020-02-22 11:24:14.000,false,0x000000000000C76E
202002221125102043351fb0c9f1694,客户,MESQYJG_Customer,2020022211241477816490131385abc,MESQYJG_Customer,fa fa-puzzle-piece,0,,true,admin,2020-02-22 11:25:10.203,true,0x000000000000C76A
202002231603507879824c1707007a1,罐装工艺设置,MESGYLC_FPS,2020021112315564714004791f7cc51,MESGYLC_FPS,fa fa-puzzle-piece,0,,true,admin,2020-02-23 16:03:50.000,true,0x0000000000011953
202002232119229602763f4b713f37e,工艺流程,WorkFlow,2020021112315564714004791f7cc51,TechnologicalProcess/MESGYLC_WorkFlow,fa fa-puzzle-piece,0,,true,admin,2020-02-23 21:19:22.000,true,0x000000000000C777
202002240914416262269a37bd54e44,BPR核准,BPRApprovel,2020021112315564714004791f7cc51,TechnologicalProcess/MESGYLC_BPRApprovel,fa fa-puzzle-piece,0,,true,admin,2020-02-24 09:14:41.627,true,0x000000000000C778
2020022415334543102127281f12b99,企业,MESQYJG_Enterprise,2020022211241477816490131385abc,MESQYJG_Enterprise,fa fa-puzzle-piece,0,,true,admin,2020-02-24 15:33:45.000,true,0x000000000000C77E
2020022417491227329969df1457315,供应商,MESQYJG_Vendor,2020022211241477816490131385abc,MESQYJG_Vendor,fa fa-puzzle-piece,0,,true,admin,2020-02-24 17:49:12.273,true,0x000000000000C77F
202002251320517237721e586043ec4,工厂,MESQYJG_Factory,2020022211241477816490131385abc,MESQYJG_Factory,fa fa-puzzle-piece,0,,true,admin,2020-02-25 13:20:51.723,true,0x000000000000C780
2020022516221892765248e361688a7,场地,MESQYJG_Location,2020022211241477816490131385abc,MESQYJG_Location,fa fa-puzzle-piece,0,,true,admin,2020-02-25 16:22:18.927,true,0x000000000000C781
202002261444572651990a05da9c967,班次,MESQYJG_Shift,2020022211241477816490131385abc,MESQYJG_Shift,fa fa-puzzle-piece,0,,true,admin,2020-02-26 14:44:57.267,true,0x000000000000C782
202002261710300576861f89b1536aa,部门,MESQYJG_Division,2020022211241477816490131385abc,MESQYJG_Division,fa fa-puzzle-piece,0,,true,admin,2020-02-26 17:10:30.057,true,0x000000000000C783
202002271128226816423d5c868f7d8,资源组,MESQYJG_ResourceGroup,2020022211241477816490131385abc,MESQYJG_ResourceGroup,fa fa-puzzle-piece,0,,true,admin,2020-02-27 11:28:22.683,true,0x000000000000C785
202002271201397726018c39a3f2ff6,产线组,MESQYJG_ProductLineGroup,2020022211241477816490131385abc,MESQYJG_ProductLineGroup,fa fa-puzzle-piece,0,,true,admin,2020-02-27 12:01:39.773,true,0x000000000000C786
2020022716232691899927fac899ac6,产线,MESQYJG_ProductLine,2020022211241477816490131385abc,MESQYJG_ProductLine,fa fa-puzzle-piece,0,,true,admin,2020-02-27 16:23:26.920,true,0x000000000000C787
202002281332252384424e4fe2113e0,资源,MESQYJG_Resource,2020022211241477816490131385abc,MESQYJG_Resource,fa fa-puzzle-piece,0,,true,admin,2020-02-28 13:32:25.237,true,0x000000000000C78C
20200228164059313531620baa7e573,设备组,MESQYJG_EquipmentGroup,2020022211241477816490131385abc,MESQYJG_EquipmentGroup,fa fa-puzzle-piece,0,,true,admin,2020-02-28 16:40:59.313,true,0x000000000000C78D
202002291420340795718195d618820,在线调机记录表,OnLineEquipementAdjuestingForm,202002111630423331969cba7a8cc01,CPReport/OnLineEquipementAdjuestingForm,fa fa-puzzle-piece,0,,true,admin,2020-02-29 14:20:34.000,true,0x000000000002AF9A
2020022915423027817890248f89f05,设备,MESQYJG_Equipment,2020022211241477816490131385abc,MESQYJG_Equipment,fa fa-puzzle-piece,0,,true,admin,2020-02-29 15:42:30.280,true,0x000000000000C78F
20200302122832846067634525c479c,生产模型,ProductionModel,0,ProductionModel,fa  fa-rocket,4,,true,admin,2020-03-02 12:28:32.000,false,0x000000000002710A
2020030214443083349040cba45f930,产品组,MESSCMX_ProductFamily,2020030214453246301546be8417a3c,MESSCMX_ProductFamily,fa fa-puzzle-piece,0,,true,admin,2020-03-02 14:44:30.000,true,0x000000000000C795
2020030214453246301546be8417a3c,生产模型,ProductionModel,20200302122832846067634525c479c,ProductionModel,fa fa-puzzle-piece,0,,true,admin,2020-03-02 14:45:32.463,false,0x000000000000C794
2020030220455988009401aa53cdf70,产品合格供应商,MESSCMX_ProductAllowDeliver,2020030214453246301546be8417a3c,MESSCMX_ProductAllowDeliver,fa fa-puzzle-piece,0,,true,admin,2020-03-02 20:45:59.880,true,0x000000000000C796
20200303153828104832804a7229878,物料档案,MESSCMX_Product,2020030214453246301546be8417a3c,MESSCMX_Product,fa fa-puzzle-piece,0,,true,admin,2020-03-03 15:38:28.000,true,0x000000000004650B
202003041534261831312b7a1e4cecc,设备数据采集组,MESSCMX_EquiDataCollectGroup,2020030214453246301546be8417a3c,MESSCMX_EquiDataCollectGroup,fa fa-puzzle-piece,0,,true,admin,2020-03-04 15:34:26.183,true,0x000000000000C798
202003050951212635917958028d6c8,物料供应商PN,MESSCMX_ProductVendorPN,2020030214453246301546be8417a3c,MESSCMX_ProductVendorPN,fa fa-puzzle-piece,0,,true,admin,2020-03-05 09:51:21.000,true,0x000000000000C79A
2020030512374397257002288a2d13b,计量单位,MESSCMX_UOM,2020030214453246301546be8417a3c,MESSCMX_UOM,fa fa-puzzle-piece,0,,true,admin,2020-03-05 12:37:43.973,true,0x000000000000C79B
2020030520345734915845d2a1d6a05,产品数据采集,MESSCMX_EquiProDataCollectGroup,2020030214453246301546be8417a3c,MESSCMX_EquiProDataCollectGroup,fa fa-puzzle-piece,0,,true,admin,2020-03-05 20:34:57.350,true,0x000000000000C79D
202003061029011719239f0ee60d7df,产品数据采集审批,MESSCMX_EquiProDataCollectGroupApprove,2020030214453246301546be8417a3c,MESSCMX_EquiProDataCollectGroupApprove,fa fa-puzzle-piece,0,,true,admin,2020-03-06 10:29:01.173,true,0x000000000000C79E
2020030611040029620837bf90b2b87,包装方式,MESSCMX_PackageWay,2020030214453246301546be8417a3c,MESSCMX_PackageWay,fa fa-puzzle-piece,0,,false,admin,2020-03-06 11:04:00.000,true,0x0000000000040741
202003092020333893827488b964a16,BOM,MESSCMX_BOM,2020030214453246301546be8417a3c,MESSCMX_BOM,fa fa-puzzle-piece,0,,false,admin,2020-03-09 20:20:33.000,true,0x000000000003A983
202003102127523208471f459246f6b,条码定义,MESSCMX_BarCodeDef,2020030214453246301546be8417a3c,MESSCMX_BarCodeDef,fa fa-puzzle-piece,0,,true,admin,2020-03-10 21:27:52.320,true,0x000000000000C7A4
202003111329023035981a094e7c950,在线产品外观检验表,OnlineProductAppearanceCheck,202002111630423331969cba7a8cc01,OnlineProductAppearanceCheck,fa fa-puzzle-piece,0,,true,admin,2020-03-11 13:29:02.000,true,0x000000000000D2F1
202003111338313288846aafbfc458a,资源产品规程设置,MESSCMX_ResourceProuctSpec,2020030214453246301546be8417a3c,MESSCMX_ResourceProuctSpec,fa fa-puzzle-piece,0,,true,admin,2020-03-11 13:38:31.330,true,0x000000000000C7AA
202003120948518662257d6dddbe5f8,配制报表,Configuration Report,2019122410042707389827aef86555d,,fa fa-puzzle-piece,0,,true,admin,2020-03-12 09:48:51.000,false,0x000000000000C7C0
2020031209520344715893a39826f11,设备消毒清单,Dled Equipment List,202003120948518662257d6dddbe5f8,DledEquipmentList,fa fa-puzzle-piece,0,,true,admin,2020-03-12 09:52:03.447,true,0x000000000000C7AE
2020031209535780420240b29e8c3e8,设备消毒曲线,DIData,202003120948518662257d6dddbe5f8,DIData,fa fa-puzzle-piece,0,,true,admin,2020-03-12 09:53:57.803,true,0x000000000000C7AF
2020031209564949620676b4710f77c,BPR工艺操作记录表,BPRReportList,202003120948518662257d6dddbe5f8,BPRReportList,fa fa-puzzle-piece,0,,true,admin,2020-03-12 09:56:49.497,true,0x000000000000C7B2
202003120957392244524d78cf2ebb7,预称报表,PreWeight,202003120948518662257d6dddbe5f8,PreWeight,fa fa-puzzle-piece,0,,true,admin,2020-03-12 09:57:39.223,true,0x000000000000C7B3
202003121003448970706a5ed60c9d7,巡检数据曲线图,IPQCCheckData,202002111630423331969cba7a8cc01,IPQCCheckData,fa fa-puzzle-piece,0,,true,admin,2020-03-12 10:03:44.897,true,0x000000000000C7B7
202003121004241534017746d72a60d,产品首件确认,FirstCheckData,202002111630423331969cba7a8cc01,FirstCheckData,fa fa-puzzle-piece,0,,true,admin,2020-03-12 10:04:24.153,true,0x000000000000C7B8
202003121006487811702f5966da183,包材报表,Package Report,2019122410042707389827aef86555d,,fa fa-puzzle-piece,0,,true,admin,2020-03-12 10:06:48.000,false,0x000000000000C7BD
20200312100734190347896e626e354,品质报表-包材,InspectionListByLotNMBC,202003121006487811702f5966da183,InspectionListByLotNMBC,fa fa-puzzle-piece,0,,true,admin,2020-03-12 10:07:34.190,true,0x000000000000C7BB
2020031212333603058112ffe8d5406,不良代码组,MESSCMX_DefectUserCodeGroup,2020030214453246301546be8417a3c,MESSCMX_DefectUserCodeGroup,fa fa-puzzle-piece,0,,true,admin,2020-03-12 12:33:36.030,true,0x000000000000C7C2
202003131035460231767654880f689,不良代码（原因）,MESSCMX_DefectUserCode,2020030214453246301546be8417a3c,MESSCMX_DefectUserCode,fa fa-puzzle-piece,0,,true,admin,2020-03-13 10:35:46.023,true,0x000000000000C7C9
2020031310520924786004bfc0bc25c,中心线数据表,DataCollectHistoryChart,2020021112311036713933c7d92e165,DataCollectHistoryChart,fa fa-puzzle-piece,0,,false,admin,2020-03-13 10:52:09.000,true,0x0000000000011954
20200313105325988387415be02f901,中心线数据表,DataCollectHistoryChart,2019123009100140258234c8769d56c,DataCollectHistoryChart,fa fa-puzzle-piece,0,,false,admin,2020-03-13 10:53:25.000,true,0x000000000000DAC1
202003161012578399168099e142c0f,数据采集组,MESSCMX_DataCollectGroup,2020030214453246301546be8417a3c,MESSCMX_DataCollectGroup,fa fa-puzzle-piece,0,,true,admin,2020-03-16 10:12:57.840,true,0x000000000000C7CC
2020031710090249325291981f7b525,巡检数据采集组,MESSCMX_IPQCCheckDataCollectGroup,2020030214453246301546be8417a3c,MESSCMX_IPQCCheckDataCollectGroup,fa fa-puzzle-piece,0,,true,admin,2020-03-17 10:09:02.493,true,0x000000000000CB21
202003171303392934916178bb05600,清场数据采集组,MESSCMX_IPQCProductLineClearDataCollectGroup,2020030214453246301546be8417a3c,MESSCMX_IPQCProductLineClearDataCollectGroup,fa fa-puzzle-piece,0,,true,admin,2020-03-17 13:03:39.293,true,0x000000000000CB22
202003171400008749070949c41c597,清场数据采集大组,MESSCMX_IPQCProductLineClearDataCollectBigGroup,2020030214453246301546be8417a3c,MESSCMX_IPQCProductLineClearDataCollectBigGroup,fa fa-puzzle-piece,0,,true,admin,2020-03-17 14:00:00.877,true,0x000000000000CB23
2020031716063913950291b7ee5900b,首检数据采集组,MESSCMX_FirstCheckDataCollectGroup,2020030214453246301546be8417a3c,MESSCMX_FirstCheckDataCollectGroup,fa fa-puzzle-piece,0,,true,admin,2020-03-17 16:06:39.140,true,0x000000000000CB24
20200317200507439890869a9f4cda3,首检数据采集项,MESSCMX_FirstCheckDataCollect,2020030214453246301546be8417a3c,MESSCMX_FirstCheckDataCollect,fa fa-puzzle-piece,0,,true,admin,2020-03-17 20:05:07.440,true,0x000000000000CB25
20200318122453482063147f0b78f50,巡检数据采集项,MESSCMX_IPQCCheckDataCollect,2020030214453246301546be8417a3c,MESSCMX_IPQCCheckDataCollect,fa fa-puzzle-piece,0,,true,admin,2020-03-18 12:24:53.000,true,0x000000000000CB27
20200318161024703960805cbe735fe,采集器设置,MESSCMX_ShopFlowBaseInfo,2020030214453246301546be8417a3c,MESSCMX_ShopFlowBaseInfo,fa fa-puzzle-piece,0,,true,admin,2020-03-18 16:10:24.703,true,0x000000000000CB28
2020031816510892880642136ae0b22,清场数据采集项,MESSCMX_IPQCProductLineClearDataCollect,2020030214453246301546be8417a3c,MESSCMX_IPQCProductLineClearDataCollect,fa fa-puzzle-piece,0,,true,admin,2020-03-18 16:51:08.930,true,0x000000000000CB29
20200318172353646897003c060ff92,数据采集,MESSCMX_DataCollect,2020030214453246301546be8417a3c,MESSCMX_DataCollect,fa fa-puzzle-piece,0,,true,admin,2020-03-18 17:23:53.647,true,0x000000000000CB2A
202003191050527625461b87376e57f,电子签名维护,ElectronicSignatureMaintenance,2020022211241477816490131385abc,ConfigElectronicSignature,fa fa-puzzle-piece,0,,true,admin,2020-03-19 10:50:52.763,true,0x000000000000CB2B
202003292212022649418385fe36cbf,自动锁定,AutomaticLock,2016112411183638881743b5a255a86,AutoLock,fa fa-puzzle-piece,0,,true,admin,2020-03-29 22:12:02.000,true,0x000000000000DAC2
202004130811173237569b8f2844763,审计追踪,AuditTrail,2016112411183638881743b5a255a86,AuditTrail,fa fa-puzzle-piece,0,,true,admin,2020-04-13 08:11:17.323,true,0x000000000000DAC3
2020041713530321830501025cd53a8,产品,MESSCMX_Product,2020021112315564714004791f7cc51,MESSCMX_Product,fa fa-puzzle-piece,0,,true,2020032616173266665821cf2d796ef,2020-04-17 13:53:03.000,true,0x0000000000011945
202004171749307137014c1bb1a9a7f,在线用户监控,OnlineUserMonitoring,2016112411183638881743b5a255a86,OnlineUserMonitoring,fa fa-puzzle-piece,0,,true,admin,2020-04-17 17:49:30.713,true,0x0000000000011946
20200426110140654595028b1dfb281,操作日志,OperationLog,2016112411183638881743b5a255a86,OperationLog,fa fa-puzzle-piece,0,,true,admin,2020-04-26 11:01:40.657,true,0x0000000000011955
202004280944019369448730bf4e9c6,销售装车汇总查询,BillhiStoryQuery,2020021116302493324000811c17f07,BillhiStoryQuery,fa fa-puzzle-piece,0,,true,admin,2020-04-28 09:44:01.937,true,0x0000000000011957
202005110903169798927edd813514c,顶部菜单,,cs,,fa fa-puzzle-piece,0,,true,admin,2020-05-11 09:03:16.980,false,0x0000000000013882
2020051109093246768788854de7f1d,测试1,,202005110903169798927edd813514c,#,fa fa-puzzle-piece,0,,true,admin,2020-05-11 09:09:32.470,true,0x0000000000013883
2020051109275606526817075b66ac4,制造执行,ManufacturingExecution,cs,,fa fa-puzzle-piece,0,,true,admin,2020-05-11 09:27:56.067,false,0x0000000000013884
20200511092832886267856176e48c5,内栈板包装,NZBPackage,2020051109275606526817075b66ac4,#,fa fa-puzzle-piece,0,,true,admin,2020-05-11 09:28:32.000,true,0x000000000001388A
202005110929149282679e94711b188,半成品产出,BCPOutPut,2020051109275606526817075b66ac4,#,fa fa-puzzle-piece,0,,true,admin,2020-05-11 09:29:14.927,true,0x0000000000013886
2020051109293513826770e8b8fe3a8,成品包装,CPPackage,2020051109275606526817075b66ac4,#,fa fa-puzzle-piece,0,,true,admin,2020-05-11 09:29:35.137,true,0x0000000000013887
20200518081923419347192bb2f5af7,产线PK查询,ProductLinePKSearch,2020021116302493324000811c17f07,ProductLinePKSearch,fa fa-puzzle-piece,0,,true,2020032616173266665821cf2d796ef,2020-05-18 08:19:23.420,true,0x000000000001388B
202005180820373695768b19dd4b704,流水号废除查询,LotNMRevocation,2020021116302493324000811c17f07,LotNMRevocation,fa fa-puzzle-piece,0,,true,2020032616173266665821cf2d796ef,2020-05-18 08:20:37.370,true,0x000000000001388C
20200521082024740504068a33faf6d,配制产出,PZOutput,2020051109275606526817075b66ac4,#,fa fa-puzzle-piece,0,,true,admin,2020-05-21 08:20:24.000,true,0x000000000001388E
20200521082832876338693e4efda7f,配制罐清洗启动,EquipmentStart,2020051109275606526817075b66ac4,#,fa fa-puzzle-piece,0,,true,admin,2020-05-21 08:28:32.877,true,0x000000000001388F
202005210828586442136b6d5f554a3,储罐清洗启动,StorageTankEquipmentStart,2020051109275606526817075b66ac4,#,fa fa-puzzle-piece,0,,true,admin,2020-05-21 08:28:58.643,true,0x0000000000013890
202005210829198492884ae6190ef0c,不锈钢清洗消毒,SteelTankEquipmentStart,2020051109275606526817075b66ac4,#,fa fa-puzzle-piece,0,,true,admin,2020-05-21 08:29:19.000,true,0x0000000000032C83
20200521083005728393381ef4e49f3,配制产出TK绑定,PZoutputTKBD,2020051109275606526817075b66ac4,#,fa fa-puzzle-piece,0,,true,admin,2020-05-21 08:30:05.727,true,0x0000000000013893
2020052108302463632847f02a731ba,配制罐输出,EquipmentConfigOut,2020051109275606526817075b66ac4,,fa fa-puzzle-piece,0,,true,admin,2020-05-21 08:30:24.637,true,0x0000000000013894
20200521083043341074741291111dd,设备消毒结果,EquipmentMove,2020051109275606526817075b66ac4,#,fa fa-puzzle-piece,0,,true,admin,2020-05-21 08:30:43.000,true,0x0000000000019646
202005210831044549662666889f8ae,返工记录表,ReworkRecord,2020051109275606526817075b66ac4,#,fa fa-puzzle-piece,0,,true,admin,2020-05-21 08:31:04.457,true,0x0000000000013896
202005210834402484483025e15db27,原料称重,tonIssueMaterial,2020051109275606526817075b66ac4,#,fa fa-puzzle-piece,0,,true,admin,2020-05-21 08:34:40.247,true,0x0000000000013897
2020052108345993794684b1d5cce76,余料称重,tonSuplusMaterial,2020051109275606526817075b66ac4,#,fa fa-puzzle-piece,0,,true,admin,2020-05-21 08:34:59.937,true,0x0000000000013898
202005210835155488520358b104f46,工单,tonMfgOrder,2020051109275606526817075b66ac4,#,fa fa-puzzle-piece,0,,true,admin,2020-05-21 08:35:15.550,true,0x0000000000013899
20200521083534503826695164de11b,BPR作业,tonBPRRecord,2020051109275606526817075b66ac4,#,fa fa-puzzle-piece,0,,true,admin,2020-05-21 08:35:34.503,true,0x000000000001389A
2020052108355474008766d52e9eaf9,BPR作业修改,tonBPRRecordEdir,2020051109275606526817075b66ac4,#,fa fa-puzzle-piece,0,,true,admin,2020-05-21 08:35:54.740,true,0x000000000001389B
20200522122448465259583a3d13a6c,制造执行,,2019122410042707389827aef86555d,,fa fa-puzzle-piece,0,,true,admin,2020-05-22 12:24:48.467,false,0x000000000001389C
2020052212251028950786eb9767b25,报废单报表,MESZZZX_ScrapOrder1,20200522122448465259583a3d13a6c,MESZZZX_ScrapOrder,fa fa-puzzle-piece,0,,true,admin,2020-05-22 12:25:10.000,true,0x00000000000157C6
2020052619030299724790d11df9836,生产线分批,WIPLotSplit,2020051109275606526817075b66ac4,WIPLotSplit,fa fa-puzzle-piece,0,,true,admin,2020-05-26 19:03:02.997,true,0x000000000001389E
2020052619065471790156f0fe70d26,储罐输入,EquipmentSaveInput,2020051109275606526817075b66ac4,EquipmentSaveInput,fa fa-puzzle-piece,0,,true,admin,2020-05-26 19:06:54.717,true,0x000000000001389F
202005261908099743597b2ba657c92,储罐输出,EquipmentSaveOutput,2020051109275606526817075b66ac4,EquipmentSaveOutput,fa fa-puzzle-piece,0,,true,admin,2020-05-26 19:08:09.973,true,0x00000000000138A0
2020052619084987471983f73e35ad3,设备停机记录,EquipmentStopHistory,2020051109275606526817075b66ac4,EquipmentStopHistory,fa fa-puzzle-piece,0,,true,admin,2020-05-26 19:08:49.877,true,0x00000000000138A1
202005261909455270465b49857ae9c,报废单,AddScrapOrder,2020051109275606526817075b66ac4,AddScrapOrder,fa fa-puzzle-piece,0,,true,admin,2020-05-26 19:09:45.527,true,0x00000000000138A2
202005261911599375765eb31fe6e11,在线产品装箱重量检查表,OnLinePackCountCheckFoam,2020051109275606526817075b66ac4,OnLinePackCountCheckFoam,fa fa-puzzle-piece,0,,true,admin,2020-05-26 19:11:59.937,true,0x00000000000138A3
202005270851374505906ebc77579a6,在线产品装箱重量检查表,MESZZZX_OnLinePackCountCheckFoam,20200522122448465259583a3d13a6c,MESZZZX_OnLinePackCountCheckFoam,fa fa-puzzle-piece,0,,true,admin,2020-05-27 08:51:37.000,true,0x00000000000138A5
2020052710502817458609c0542a922,返工记录表,MESZZZX_ReworkRecord,20200522122448465259583a3d13a6c,MESZZZX_ReworkRecord,fa fa-puzzle-piece,0,,true,admin,2020-05-27 10:50:28.177,true,0x00000000000138A6
2020052713280348802051d01f6b8d4,生产包材控制报表,BCControlReport,202003121006487811702f5966da183,BCControlReport,fa fa-puzzle-piece,0,,false,admin,2020-05-27 13:28:03.000,true,0x000000000004E205
202005272028579654973435aee9ab4,工单产出查询,GetMOList,2020021116302493324000811c17f07,GetMOList,fa fa-puzzle-piece,0,,true,admin,2020-05-27 20:28:57.967,true,0x00000000000138A8
2020052811031837011256acc5aff94,储罐信息查询,GetEquipmentSaveInfo,2020021116302493324000811c17f07,GetEquipmentSaveInfo,fa fa-puzzle-piece,0,,true,admin,2020-05-28 11:03:18.370,true,0x00000000000138A9
2020052814155478912479350ce497e,批次工具,BatchTool,20200302122832846067634525c479c,,fa fa-puzzle-piece,0,,true,admin,2020-05-28 14:15:54.790,false,0x00000000000138AA
2020052814161356699098d4661d430,数据链查询,MESBT_DataLink,2020052814155478912479350ce497e,BatchTool/MESBT_DataLink,fa fa-puzzle-piece,0,,true,admin,2020-05-28 14:16:13.000,true,0x00000000000138AC
20200530162254185449668a5f26d00,生产前生产线清场检查表,MESZZZX_PreproductionLineCheckList,20200522122448465259583a3d13a6c,MESZZZX_PreproductionLineCheckList,fa fa-puzzle-piece,0,,true,admin,2020-05-30 16:22:54.187,true,0x00000000000138AD
202005302040529061242bc68b357db,中心线数据查询,EquipmentDataCollectList,2019123009100140258234c8769d56c,EquipmentDataCollectList,fa fa-puzzle-piece,0,,true,admin,2020-05-30 20:40:52.907,true,0x00000000000138AF
20200607185617689769046fdfcda28,生产执行,,20200302122832846067634525c479c,,fa fa-puzzle-piece,3,,true,admin,2020-06-07 18:56:17.000,false,0x00000000000157C3
202006071859257849187133d9fda2e,报废单审核,MESZZZX_ScrapOrder,20200607185617689769046fdfcda28,MESZZZX_ScrapORder,fa fa-puzzle-piece,0,,true,admin,2020-06-07 18:59:25.000,true,0x00000000000157C7
202006092006565087565bbe38124a7,工单启动,ME_TicketStart,2020051109275606526817075b66ac4,#,fa fa-puzzle-piece,0,,true,admin,2020-06-09 20:06:56.000,true,0x00000000000157CB
202006092010023865090c8589d764a,生产前生产线清场检查表,PreproductionLineCheck,2020051109275606526817075b66ac4,#,fa fa-puzzle-piece,0,,true,admin,2020-06-09 20:10:02.387,true,0x00000000000157CC
202006092021146621979dd8f861462,中心线输入,EquipmentDataCollectHistory,2020051109275606526817075b66ac4,#,fa fa-puzzle-piece,0,,true,admin,2020-06-09 20:21:14.663,true,0x00000000000157CD
20200609202146003427718f414d47d,批号重印,LotReprint,2020051109275606526817075b66ac4,#,fa fa-puzzle-piece,0,,true,admin,2020-06-09 20:21:46.003,true,0x00000000000157CE
2020060920221095029942b1efa8f10,生产线分批,WIPLotSplit,2020051109275606526817075b66ac4,#,fa fa-puzzle-piece,0,,true,admin,2020-06-09 20:22:10.950,true,0x00000000000157CF
2020060920224539544194d6cea8e9d,中心线输入,EquipmentDataCollectHistory,2020051109275606526817075b66ac4,#,fa fa-puzzle-piece,0,,true,admin,2020-06-09 20:22:45.397,true,0x00000000000157D0
202006092023271194425f7191d53ee,设备停机记录,EquipmentStopHistory,2020051109275606526817075b66ac4,#,fa fa-puzzle-piece,0,,true,admin,2020-06-09 20:23:27.120,true,0x00000000000157D1
202006092023554473886e2b8ecd788,罐装退料,SurplusMaterialGZ,2020051109275606526817075b66ac4,#,fa fa-puzzle-piece,0,,true,admin,2020-06-09 20:23:55.000,true,0x000000000004C2C7
202006150821523296714147ac775b1,预配罐清洗启动,PreplanTankEquipmentStart,2020051109275606526817075b66ac4,#,fa fa-puzzle-piece,0,,true,admin,2020-06-15 08:21:52.330,true,0x0000000000017705
202006150855441071195a927e17ea0,工单上料列表,MfgOrderLoadLotList,2020021116302493324000811c17f07,MfgOrderLoadLotList,fa fa-puzzle-piece,0,,true,admin,2020-06-15 08:55:44.107,true,0x0000000000017707
202006160932231796410b856177af6,新BPR工艺操作记录表,BPRReportList_New,202003120948518662257d6dddbe5f8,BPRReportList_New,fa fa-puzzle-piece,0,,true,admin,2020-06-16 09:32:23.197,true,0x0000000000017708
20200618085951689038508691da255,BPR工艺操作记录表模板,BPRReportListProductHistory,202003120948518662257d6dddbe5f8,BPRReportListProductHistory,fa fa-puzzle-piece,0,,true,admin,2020-06-18 08:59:51.000,true,0x000000000001770A
202007011718065512926c75bbdbe4b,预称查询,PreWeightQuery,2020021116302493324000811c17f07,PreWeightQuery,fa fa-puzzle-piece,0,,true,admin,2020-07-01 17:18:06.550,true,0x0000000000019641
202007062017577763093e0cb7660c5,包装方式KBU,MESSCMX_PackageWayKBU,2020030214453246301546be8417a3c,MESSCMX_PackageWayKBU,fa fa-puzzle-piece,0,,true,admin,2020-07-06 20:17:57.000,true,0x000000000001B587
20200716075941245712332ad3f80f5,密码复杂度配置,,2016112411183638881743b5a255a86,SysPasswordConfig,fa fa-puzzle-piece,0,,true,admin,2020-07-16 07:59:41.247,true,0x0000000000019649
20200720094152990704841512decac,质量控制,QualityControl,0,,fa  fa-eyedropper,6,,true,admin,2020-07-20 09:41:52.000,false,0x000000000002710C
20200720094246290473634913958b4,质量控制,QualityControl,20200720094152990704841512decac,,fa fa-puzzle-piece,0,,true,admin,2020-07-20 09:42:46.000,false,0x000000000001B5AF
202007201515411371698923d61e5f4,品质检验规范,Quality Control Process,20200720094246290473634913958b4,QCProcessSpec,fa fa-puzzle-piece,0,,true,admin,2020-07-20 15:15:41.137,true,0x000000000001964C
20200720151912058619627d57a9fa5,仓库作业,WarehouseOperation,0,,fa  fa-university,7,,true,admin,2020-07-20 15:19:12.000,false,0x0000000000027123
2020072015222348656879177613ad4,条码申请,LotApply,2020072015252716907476f201d45a8,WarehouseOperation/CKZY_LotApply,fa  fa-puzzle-piece,0,,true,admin,2020-07-20 15:22:23.000,true,0x0000000000019657
2020072015252716907476f201d45a8,仓库作业,WarehouseOperation,20200720151912058619627d57a9fa5,,fa fa-puzzle-piece,0,,true,admin,2020-07-20 15:25:27.000,false,0x000000000001B590
2020072108392921888261c9632a1f4,报表管理,ReportManage,2016112411183638881743b5a255a86,ReportManage,fa fa-puzzle-piece,0,,true,admin,2020-07-21 08:39:29.000,true,0x000000000001F43A
202007211504593832590e84d40c77d,储位标签列印,CKZY_PrintSLLabel,20200819183132706462246269de131,WarehouseOperation/CKZY_PrintSLLabel,fa fa-puzzle-piece,0,,true,admin,2020-07-21 15:04:59.000,true,0x000000000001B5A0
202007212017291463664f7ddede96a,批次重印-供应商,CKZY_LotApplyReprint,2020072015252716907476f201d45a8,WarehouseOperation/CKZY_LotApplyReprint,fa fa-puzzle-piece,0,,true,admin,2020-07-21 20:17:29.000,true,0x000000000001965C
202007221033321342141dd157a2a71,产线退料未收查询,CKZY_PLReturnQuery,2020021116302493324000811c17f07,WarehouseOperation/CKZY_PLReturnQuery,fa fa-puzzle-piece,0,,true,admin,2020-07-22 10:33:32.000,true,0x000000000001B5A5
2020072219042114036626490ff9fe7,批号重印,MESBT_LotReprint,20200819183132706462246269de131,BatchTool/MESBT_LotReprint,fa fa-puzzle-piece,0,,true,admin,2020-07-22 19:04:21.000,true,0x000000000001B5A1
202007231936402928942278fde90c9,收料称重,MaterialWeighing,2020072015252716907476f201d45a8,WarehouseOperation/CKZY_MaterialWeighing,fa fa-puzzle-piece,0,,true,admin,2020-07-23 19:36:40.000,true,0x0000000000019661
202007240933185208447d07e025267,仓库管理,CKZY_Warehouse,2020072015252716907476f201d45a8,WarehouseOperation/CKZY_Warehouse,fa fa-puzzle-piece,0,,true,admin,2020-07-24 09:33:18.520,true,0x0000000000019662
2020072708502061932177ab520b903,出货包装清单,ShippingList,2020072015252716907476f201d45a8,WarehouseOperation/CKZY_ShippingList,fa fa-puzzle-piece,12,出货包装清单,true,admin,2020-07-27 08:50:20.000,true,0x000000000001B5AB
202007271000262918228c2d8fc868c,退料申请查询,ReturnMaterial,20200819165514229937402b0f05d8f,WarehouseOperation/CKZY_ReturnMaterial,fa fa-puzzle-piece,15,退料申请查询,true,admin,2020-07-27 10:00:26.000,true,0x000000000001B59A
202007272020452475384221a6b36a2,批量重印,CKZY_LotBatchRePrint,20200819183132706462246269de131,WarehouseOperation/CKZY_LotBatchRePrint,fa fa-puzzle-piece,0,,true,admin,2020-07-27 20:20:45.000,true,0x000000000001B5A2
202007281024119005531090378a358,物料追溯,MaterialTraceability,2020021116302493324000811c17f07,WarehouseOperation/CKZY_MaterialTraceability,fa fa-puzzle-piece,0,,true,admin,2020-07-28 10:24:11.000,true,0x000000000001B5A6
202007281622354277903f8c2abd76c,合并发料,CKZY_CombineStockOrder,2020072015252716907476f201d45a8,WarehouseOperation/CKZY_CombineStockOrder,fa fa-puzzle-piece,0,,true,admin,2020-07-28 16:22:35.427,true,0x000000000001966C
2020072910530707500795c1d6d7474,流水号拆分,CKZY_LotSplit,2020072015252716907476f201d45a8,WarehouseOperation/CKZY_LotSplit,fa fa-puzzle-piece,0,,true,admin,2020-07-29 10:53:07.077,true,0x000000000001966D
202007301409301181793db00635eaf,栈板拆分,CKZY_PackageSplit,2020072015252716907476f201d45a8,WarehouseOperation/CKZY_PackageSplit,fa fa-puzzle-piece,0,,true,admin,2020-07-30 14:09:30.117,true,0x000000000001966E
20200730142254452794915869196c6,数量调整,CKZY_ChangeQty,20200819183132706462246269de131,WarehouseOperation/CKZY_ChangeQty,fa fa-puzzle-piece,0,,true,admin,2020-07-30 14:22:54.000,true,0x000000000001B5A3
2020080308120881903845aa498ee9f,FIFO调整,CKZY_FIFOAdjust,2020072015252716907476f201d45a8,WarehouseOperation/CKZY_FIFOAdjust,fa fa-puzzle-piece,0,,true,admin,2020-08-03 08:12:08.820,true,0x0000000000019670
20200803091618624130034605f13fa,检验方法维护,InspectionMethod,20200720094246290473634913958b4,InspectionMethod,fa fa-puzzle-piece,0,,true,admin,2020-08-03 09:16:18.623,true,0x0000000000019677
20200804132945607241273ae24546a,暂收单,CKZY_TemporaryReceiptOrder,20200819165514229937402b0f05d8f,WarehouseOperation/CKZY_TemporaryReceiptOrder,fa fa-puzzle-piece,0,,true,admin,2020-08-04 13:29:45.000,true,0x000000000001B599
202008060837328863395c3026537c8,未完成暂收单,UnfinishedTempReceipt,2020021116302493324000811c17f07,WarehouseOperation/CKZY_UnfinishedTempReceipt,fa fa-puzzle-piece,0,未完成暂收单,true,admin,2020-08-06 08:37:32.887,true,0x000000000001967B
202008060844362298320eacf39c4ad,销售备货查询,SalesStockingQuiry,2020021116302493324000811c17f07,WarehouseOperation/CKZY_SalesStockingQuiry,fa fa-puzzle-piece,0,销售备货查询,true,admin,2020-08-06 08:44:36.230,true,0x000000000001967C
20200806084749968740817bb65b34a,密度查询,DensityQuery,2020021116302493324000811c17f07,WarehouseOperation/CKZY_DensityQuery,fa fa-puzzle-piece,0,密度查询,true,admin,2020-08-06 08:47:49.970,true,0x000000000001967D
202008060852198720012fdc57196e5,未完成入库单查询,UnfinishedWarehouseReceipt,2020021116302493324000811c17f07,WarehouseOperation/CKZY_UnfinishedWarehouseReceipt,fa fa-puzzle-piece,0,未完成入库单查询,true,admin,2020-08-06 08:52:19.873,true,0x000000000001967E
202008110928004635520f422e4f563,退料接收单,ReturnReceipt,20200819165514229937402b0f05d8f,WarehouseOperation/CKZY_ReturnReceipt,fa fa-puzzle-piece,16,退料接收单,true,admin,2020-08-11 09:28:00.000,true,0x000000000001B5AC
202008121324199095680e21551022a,工单,CKZY_WorkOrder,20200819165514229937402b0f05d8f,WarehouseOperation/CKZY_WorkOrder,fa fa-puzzle-piece,12,工单,true,admin,2020-08-12 13:24:19.000,true,0x000000000001B598
202008121823394447132fee482b1ae,发料查询,CKZY_OutStockQuery,2020021116302493324000811c17f07,WarehouseOperation/CKZY_OutStockQuery,fa fa-puzzle-piece,0,,true,admin,2020-08-12 18:23:39.447,true,0x000000000001B584
20200812195117407451536c648a9fa,收料查询,CKZY_RecieveMaterialQuery,2020021116302493324000811c17f07,WarehouseOperation/CKZY_RecieveMaterialQuery,fa fa-puzzle-piece,0,,true,admin,2020-08-12 19:51:17.000,true,0x000000000001B586
202008171545363982314be0dc22ebc,计划任务,PlanningTasks,2020081715444878636643f7a087947,,fa fa-puzzle-piece,0,,true,admin,2020-08-17 15:45:36.397,false,0x000000000001B589
202008180810258250955e68fb0ec5b,MPMS维护,MPMSMaintain,20200720094246290473634913958b4,MPMSMaintain,fa fa-puzzle-piece,0,MPMS维护,true,admin,2020-08-18 08:10:25.000,true,0x000000000001B595
2020081916541309774589182e59c3c,计划任务,PlanningTasks,0,,fa  fa-calendar-check-o,8,,true,admin,2020-08-19 16:54:13.000,false,0x000000000002710E
20200819165514229937402b0f05d8f,计划任务,PlanningTasks,2020081916541309774589182e59c3c,,fa fa-puzzle-piece,0,,true,admin,2020-08-19 16:55:14.230,false,0x000000000001B597
2020081918251422641635fe5547146,批次工具,BatchTool,0,,fa  fa-legal,9,,true,admin,2020-08-19 18:25:14.000,false,0x000000000002710F
20200819183132706462246269de131,批次工具,BatchTool,2020081918251422641635fe5547146,,fa fa-puzzle-piece,0,,true,admin,2020-08-19 18:31:32.707,false,0x000000000001B59F
202008241012411168245528afce69e,首检规范维护,MESSCMX_FirstInspectionSpecification,2020030214453246301546be8417a3c,MESSCMX_FirstInspectionSpecification,fa fa-puzzle-piece,0,,true,admin,2020-08-24 10:12:41.000,true,0x000000000001F436
202008241556580565592b231bb3220,巡检规范维护,MESSCMX_IPQCInspectionSpecification,2020030214453246301546be8417a3c,MESSCMX_IPQCInspectionSpecification,fa fa-puzzle-piece,0,,true,admin,2020-08-24 15:56:58.057,true,0x000000000001B5AE
2020082511383259683279b3daba8d5,变更质检日期,MESZLKZ_ChangeQADate,20200720094246290473634913958b4,QualityControl/MESZLKZ_ChangeQADate,fa fa-puzzle-piece,0,,true,admin,2020-08-25 11:38:32.000,true,0x000000000001B5B3
2020082708522096852420367a2a458,IQCReport查询,IQCReportQuery,2020021116302493324000811c17f07,WarehouseOperation/IQCReportQuery,fa fa-puzzle-piece,19,,true,admin,2020-08-27 08:52:20.970,true,0x000000000001B5B4
202008271139040085867a3b0a2717e,检验历史数据查询,InspectionHistoryDataQuery,2020021116302493324000811c17f07,WarehouseOperation/InspectionHistoryDataQuery,fa fa-puzzle-piece,20,检验历史数据查询,true,admin,2020-08-27 11:39:04.010,true,0x000000000001B5B5
20200827185211888354616982ecf19,罐装抽样标签,ZLKZ_GZSamplingLabel,20200720094246290473634913958b4,QualityControl/ZLKZ_GZSamplingLabel,fa fa-puzzle-piece,5,罐装抽样标签,true,admin,2020-08-27 18:52:11.887,true,0x000000000001B5B7
2020083111040314528677a3d951a2c,检验,MESZLKZ_Inspection,20200720094246290473634913958b4,QualityControl/MESZLKZ_Inspection,fa fa-puzzle-piece,0,,true,admin,2020-08-31 11:04:03.147,true,0x000000000001B5B8
2020090119261743648141c7738cfb3,通用代码表,CommonCode,2016112411183638881743b5a255a86,CommonCode,fa fa-puzzle-piece,0,,true,admin,2020-09-01 19:26:17.437,true,0x000000000001B5B9
202009071147216784228587f5523a8,重检,MESZLKZ_ReInspec,20200720094246290473634913958b4,QualityControl/MESZLKZ_ReInspec,fa fa-puzzle-piece,0,,true,admin,2020-09-07 11:47:21.677,true,0x000000000001B5BA
202009071616482177525c0647455b2,抽样标签,ZLKZ_SamplingLabel,20200720094246290473634913958b4,QualityControl/ZLKZ_SamplingLabel,fa fa-puzzle-piece,6,抽样标签,true,admin,2020-09-07 16:16:48.217,true,0x000000000001B5BB
2020090718572651274330616f136e0,AQL抽样计划,ZLKZ_AQLSamplePlan,20200720094246290473634913958b4,QualityControl/ZLKZ_AQLSamplePlan,fa fa-puzzle-piece,0,,true,admin,2020-09-07 18:57:26.513,true,0x000000000001B5C2
20200910185453054684670a94f9a1f,AQL计算,ZLKZ_AQLCalculator,20200720094246290473634913958b4,QualityControl/ZLKZ_AQLCalculator,fa fa-puzzle-piece,0,,true,admin,2020-09-10 18:54:53.057,true,0x000000000001B5C3
2020091114182860659862ea6de5be7,工单批号射印设置,MESZLKZ_MfgOrderLaserCodeHistory,20200720094246290473634913958b4,QualityControl/MESZLKZ_MfgOrderLaserCodeHistory,fa fa-puzzle-piece,1,,true,admin,2020-09-11 14:18:28.607,true,0x000000000001B5C4
202009140952261321238a12f41ddb3,传送,Send,20200720094246290473634913958b4,QualityControl/ZLKZ_Send,fa fa-puzzle-piece,7,传送,true,admin,2020-09-14 09:52:26.133,true,0x000000000001B5C5
20200914190959527478304df712208,质检结果判定,MESZLKZ_FinalInspection,20200720094246290473634913958b4,QualityControl/MESZLKZ_FinalInspection,fa fa-puzzle-piece,0,,true,admin,2020-09-14 19:09:59.527,true,0x000000000001B5C6
2020091718325956975324b773e77e3,射印规则,MESZLKZ_TSZTechnologyExplain,20200720094246290473634913958b4,QualityControl/MESZLKZ_TSZTechnologyExplain,fa fa-puzzle-piece,0,,true,admin,2020-09-17 18:32:59.570,true,0x000000000001B5C7
20200921143629240812666fc8b7ca8,工单批号射印审批,MESZLKZ_MfgOrderLaserCodeHistoryApprove,20200720094246290473634913958b4,QualityControl/MESZLKZ_MfgOrderLaserCodeHistoryApprove,fa fa-puzzle-piece,0,,true,admin,2020-09-21 14:36:29.240,true,0x000000000001B5C8
202009211712230203429e74e848c5d,顶部菜单,,pda,,fa fa-puzzle-piece,0,,true,admin,2020-09-21 17:12:23.000,false,0x000000000001B5CB
20200921171243096344180173241a3,测试1,,202009211712230203429e74e848c5d,#,fa fa-puzzle-piece,0,,true,admin,2020-09-21 17:12:43.000,true,0x000000000001B5CD
20200921171609223344842d955660e,功能菜单,Android,pda,,fa fa-puzzle-piece,0,,true,admin,2020-09-21 17:16:09.000,false,0x000000000001B5D2
20200921172238931484148d77ab0d7,盘点,PI,20200921171609223344842d955660e,#,fa fa-puzzle-piece,0,,true,admin,2020-09-21 17:22:38.000,true,0x000000000001B60C
202009211722517615708ddcfb46f50,OutStock,OutStock,20200921171609223344842d955660e,#,fa fa-puzzle-piece,0,,true,admin,2020-09-21 17:22:51.000,true,0x000000000002328C
202009211723029890921a3ff15e67a,Replace,Replace,20200921171609223344842d955660e,#,fa fa-puzzle-piece,0,,true,admin,2020-09-21 17:23:02.000,true,0x000000000001B5D6
202009211725068293497fa044c42f7,Split,Split,20200921171609223344842d955660e,#,fa fa-puzzle-piece,0,,true,admin,2020-09-21 17:25:06.830,true,0x000000000001B5D9
202009211725234747877f641be5706,StockView,StockView,20200921171609223344842d955660e,#,fa fa-puzzle-piece,0,,true,admin,2020-09-21 17:25:23.477,true,0x000000000001B5DA
2020092117255021391742443b378c9,UpShelf,UpShelf,20200921171609223344842d955660e,#,fa fa-puzzle-piece,0,,true,admin,2020-09-21 17:25:50.213,true,0x000000000001B5DB
2020092118401374551931cc21a272c,TR,TR,20200921171609223344842d955660e,#,fa fa-puzzle-piece,0,,true,admin,2020-09-21 18:40:13.747,true,0x000000000001B5F4
202009211840267802609e67a7406d3,StockView2,StockView2,20200921171609223344842d955660e,#,fa fa-puzzle-piece,0,,true,admin,2020-09-21 18:40:26.780,true,0x000000000001B5F5
202009211840381499378e23f82f33c,DC,DC,20200921171609223344842d955660e,#,fa fa-puzzle-piece,0,,true,admin,2020-09-21 18:40:38.150,true,0x000000000001B5F6
2020092118405033207114d8c384938,PL,PL,20200921171609223344842d955660e,#,fa fa-puzzle-piece,0,,true,admin,2020-09-21 18:40:50.333,true,0x000000000001B5F7
202009211841011491175aa884dc4a4,MfgLotTransfer,MfgLotTransfer,20200921171609223344842d955660e,#,fa fa-puzzle-piece,0,,true,admin,2020-09-21 18:41:01.150,true,0x000000000001B5F8
202009211841143371663d1f77ac78c,PSW,PSW,20200921171609223344842d955660e,#,fa fa-puzzle-piece,0,,true,admin,2020-09-21 18:41:14.337,true,0x000000000001B5F9
2020092118412463226516bf10afabd,PIW,PIW,20200921171609223344842d955660e,#,fa fa-puzzle-piece,0,,true,admin,2020-09-21 18:41:24.633,true,0x000000000001B5FA
2020092118413512180290293c585ee,PR,PR,20200921171609223344842d955660e,#,fa fa-puzzle-piece,0,,true,admin,2020-09-21 18:41:35.123,true,0x000000000001B5FB
202009211841461128077ceff178341,HR,HR,20200921171609223344842d955660e,#,fa fa-puzzle-piece,0,,true,admin,2020-09-21 18:41:46.113,true,0x000000000001B5FC
202009211841545542386f95c5382a6,PLOP,PLOP,20200921171609223344842d955660e,#,fa fa-puzzle-piece,0,,true,admin,2020-09-21 18:41:54.553,true,0x000000000001B5FD
20200921184204800758657fc808fbc,PLOP2,PLOP2,20200921171609223344842d955660e,#,fa fa-puzzle-piece,0,,true,admin,2020-09-21 18:42:04.800,true,0x000000000001B5FE
2020092118421344512437304fb007d,PLRA,PLRA,20200921171609223344842d955660e,#,fa fa-puzzle-piece,0,,true,admin,2020-09-21 18:42:13.447,true,0x000000000001B5FF
20200921184223472079858169967ac,PLR,PLR,20200921171609223344842d955660e,#,fa fa-puzzle-piece,0,,true,admin,2020-09-21 18:42:23.473,true,0x000000000001B601
20200921184233106836891f889ec7e,ST,ST,20200921171609223344842d955660e,#,fa fa-puzzle-piece,0,,true,admin,2020-09-21 18:42:33.107,true,0x000000000001B602
2020092118424310237870a0dc2641b,PLOP3,PLOP3,20200921171609223344842d955660e,#,fa fa-puzzle-piece,0,,true,admin,2020-09-21 18:42:43.103,true,0x000000000001B603
202009211842529348694b33a1446f4,PS,PS,20200921171609223344842d955660e,#,fa fa-puzzle-piece,0,,true,admin,2020-09-21 18:42:52.937,true,0x000000000001B604
2020092118430190428194eb10d2ca7,PSC,PSC,20200921171609223344842d955660e,#,fa fa-puzzle-piece,0,,true,admin,2020-09-21 18:43:01.903,true,0x000000000001B605
20200921184311917758420757a482d,WHP,WHP,20200921171609223344842d955660e,#,fa fa-puzzle-piece,0,,true,admin,2020-09-21 18:43:11.917,true,0x000000000001B606
2020092118431945451975f72c9c534,SB,SB,20200921171609223344842d955660e,#,fa fa-puzzle-piece,0,,true,admin,2020-09-21 18:43:19.457,true,0x000000000001B607
20200921184326151905452fa206c82,PE,PE,20200921171609223344842d955660e,#,fa fa-puzzle-piece,0,,true,admin,2020-09-21 18:43:26.153,true,0x000000000001B608
202009211843361557488c761232a21,FC,FC,20200921171609223344842d955660e,#,fa fa-puzzle-piece,0,,true,admin,2020-09-21 18:43:36.157,true,0x000000000001B609
202009211843448365284a0e7610d74,PC,PC,20200921171609223344842d955660e,#,fa fa-puzzle-piece,0,,true,admin,2020-09-21 18:43:44.837,true,0x000000000001B60A
202009211843546780372e91a381bbb,PRC,PRC,20200921171609223344842d955660e,#,fa fa-puzzle-piece,0,,true,admin,2020-09-21 18:43:54.677,true,0x000000000001B60B
202009241535453010387861d03a843,原液批次查询,ZLKZ_YYBatch,20200720094246290473634913958b4,QualityControl/ZLKZ_YYBatch,fa fa-puzzle-piece,8,原液批次查询,true,admin,2020-09-24 15:35:45.000,true,0x000000000001D4C3
2020101208453074669471ff90542f9,检验审核,MESZLKZ_InspectionApprove,20200720094246290473634913958b4,QualityControl/MESZLKZ_InspectionApprove,fa fa-puzzle-piece,0,,true,admin,2020-10-12 08:45:30.747,true,0x000000000001F401
2020101317035049746691df5510bb6,库位管理,CKZY_StorageLocation,2020072015252716907476f201d45a8,WarehouseOperation/CKZY_StorageLocation,fa fa-puzzle-piece,0,,true,admin,2020-10-13 17:03:50.497,true,0x000000000001F402
2020101319143187332326de9d3eee0,品质检验规范核准,QCProcessSpecApprove,20200720094246290473634913958b4,QCProcessSpecApprove,fa fa-puzzle-piece,0,,true,admin,2020-10-13 19:14:31.000,true,0x000000000001F405
20201015192339772254632a6ed9144,BPR启动查询,CKZY_BPRStartQuery,2020021116302493324000811c17f07,WarehouseOperation/CKZY_BPRStartQuery,fa  fa-puzzle-piece,0,,true,admin,2020-10-15 19:23:39.773,true,0x000000000001F406
202010200828588415143d6c092949c,查询库存历史,StockQueryHistory,2020072015252716907476f201d45a8,StockQueryHistory,fa fa-puzzle-piece,0,,true,admin,2020-10-20 08:28:58.000,true,0x000000000001F418
202010201601579022316799c7c5ddf,库存利用率分析,KUCUNKANBAN,2020072015252716907476f201d45a8,WarehouseOperation/CKZY_StorageLocationKanBan,fa fa-puzzle-piece,0,,true,admin,2020-10-20 16:01:57.000,true,0x000000000001F40D
20201020202851995302385f0e97c7b,首检检验,MESZLKZ_PAD_IPQC_FirstCheck,20200720094246290473634913958b4,QualityControl/MESZLKZ_PAD_IPQC_FirstCheck,fa fa-puzzle-piece,0,,true,admin,2020-10-20 20:28:51.997,true,0x000000000001F40C
202010211443205951265ea5cc7b1f7,巡检检验,MESZLKZ_PAD_IPQC_CheckAgain,20200720094246290473634913958b4,QualityControl/MESZLKZ_PAD_IPQC_CheckAgain,fa fa-puzzle-piece,0,巡检检验,true,admin,2020-10-21 14:43:20.000,true,0x000000000001F40F
202010281513212916379fa7461ede9,新库存查询,StockQuery2_New,2020021116302493324000811c17f07,StockQuery2_New,fa fa-puzzle-piece,-1,,true,admin,2020-10-28 15:13:21.000,true,0x000000000001F420
2020110418352408214481dbd9e7dae,放行扣留,ReleaseHold,20200720094246290473634913958b4,QualityControl/MESZLKZ_ReleaseHold?productnm=''&mfgbatch=''&productid='',fa fa-puzzle-piece,0,,true,admin,2020-11-04 18:35:24.000,true,0x0000000000030D48
20201112141637227463079cb25d370,成品检查项目维护,CPReportSet,20200720094246290473634913958b4,QualityControl/ZLKZ_CPReportSet,fa fa-puzzle-piece,0,,true,admin,2020-11-12 14:16:37.227,true,0x000000000001F424
20201117132237222491361aa974763,射印规则审批,MESZLKZ_TSZTechnologyExplainApprove,20200720094246290473634913958b4,QualityControl/MESZLKZ_TSZTechnologyExplainApprove,fa fa-puzzle-piece,0,,true,admin,2020-11-17 13:22:37.223,true,0x000000000001F425
2020111714193235501702b38baf1c4,自定义查询,,2019122410042707389827aef86555d,,fa  fa-table,9,,true,admin,2020-11-17 14:19:32.000,false,0x000000000001F427
20201117142048662899754eefbd152,测试查询,,2020111714193235501702b38baf1c4,UDQuery,fa fa-puzzle-piece,0,,true,admin,2020-11-17 14:20:48.000,true,0x000000000001F432
20201117143238031607035ff9f3fc9, 测试查询2,AutoColumns,2020111714193235501702b38baf1c4,AutoColumns,fa fa-puzzle-piece,0,,true,admin,2020-11-17 14:32:38.000,true,0x000000000001F42E
202011171519051754130829ee6fc3f,首检规范维护核准,MESSCMX_FirstInspectionSpecificationApprove,2020030214453246301546be8417a3c,MESSCMX_FirstInspectionSpecificationApprove,fa fa-puzzle-piece,0,,true,admin,2020-11-17 15:19:05.177,true,0x000000000001F430
202011171627429877578cdc9b6b9cd,TestQuery,UDQuery,2020111714193235501702b38baf1c4,UDQuery,fa fa-puzzle-piece,0,,true,admin,2020-11-17 16:27:42.000,true,0x000000000001F434
202011171921033128473bd46aa7699,用户查询（配置报表）,ConfigurableReport,2016112411183638881743b5a255a86,ConfigurableReport?id=ff8671ed-6e83-4c3e-ade8-fd875dd9ffb2,fa fa-puzzle-piece,0,,true,admin,2020-11-17 19:21:03.000,true,0x000000000001F441
20201117210310060146879f1a8bfb1,巡检规范维护核准,MESSCMX_IPQCInspectionSpecificationApprove,2020030214453246301546be8417a3c,MESSCMX_IPQCInspectionSpecificationApprove,fa fa-puzzle-piece,0,,true,admin,2020-11-17 21:03:10.060,true,0x000000000001F43F
20201118175713364035933b17c971c,BPR启动查询（配置报表）,ConfigurableReport,2016112411183638881743b5a255a86,ConfigurableReport?id=1b095a54-ffee-4e9f-9edf-78219320f8dd,fa fa-puzzle-piece,0,,true,admin,2020-11-18 17:57:13.000,true,0x000000000001F442
2020120216211759476525efad03d48,在线报表数据链,OnlineReport,202002111630423331969cba7a8cc01,GetOnLineStosteWeightList,fa fa-puzzle-piece,0,,true,admin,2020-12-02 16:21:17.597,true,0x0000000000021341
2020121012341225196678676130058,流水号查询,CKZY_InspectionLotNM,2020021116302493324000811c17f07,WarehouseOperation/CKZY_InspectionLotNM,fa fa-puzzle-piece,0,,true,admin,2020-12-10 12:34:12.253,true,0x0000000000023283
2020121020082515368512ed3608bec,MPMS核准,MPMSMaintainHZ,20200720094246290473634913958b4,MPMSMaintainHZ,fa fa-puzzle-piece,0,MPMS核准,true,admin,2020-12-10 20:08:25.000,true,0x0000000000023285
202012141716186707603ac8a43a421,包材外观检测报告,BCAppearanceInspectionReport,202003121006487811702f5966da183,BCAppearanceInspectionReport,fa fa-puzzle-piece,0,包材外观检测报表,true,admin,2020-12-14 17:16:18.670,true,0x0000000000023286
2020122005015931494325359038756,包材变量检测报告,BCVariableReport,202003121006487811702f5966da183,BCVariableReport,fa fa-puzzle-piece,0,包材变量检测报表,true,admin,2020-12-20 05:01:59.317,true,0x000000000002328A
202101211015337008085324cb21525,站点通知,SiteNotification,2016112411183638881743b5a255a86,MIS/ManageArticle,fa fa-puzzle-piece,0,,true,admin,2021-01-21 10:15:33.700,true,0x000000000002328D
20210203123632527817761380362d0,称重调试,WeightingTest,2020051109275606526817075b66ac4,#,fa fa-puzzle-piece,0,,true,admin,2021-02-03 12:36:32.000,true,0x0000000000023290
2021020412565278131221e1f7a157a,流水号废除,ZLKZ_AbolishLotNM,20200720094246290473634913958b4,QualityControl/ZLKZ_AbolishLotNM,fa fa-puzzle-piece,0,废除流水号,true,202008251623171011923f0b18975fd,2021-02-04 12:56:52.780,true,0x0000000000023291
202103111714097823234a03b4eca32,天平调试,NewClassic,2020051109275606526817075b66ac4,#,fa fa-puzzle-piece,0,,true,202008251623171011923f0b18975fd,2021-03-11 17:14:09.000,true,0x00000000000251C2
2021031716053539340008250cd9dbd,运维记录,,202103171600389488266b2e1a4110a,,fa fa-puzzle-piece,0,,true,admin,2021-03-17 16:05:35.393,false,0x00000000000251C4
20210317160701345802002e8ce7f35,运维记录,OperationRecord,0,sys,fa fa-puzzle-piece,10,,true,admin,2021-03-17 16:07:01.000,false,0x0000000000027110
20210317160736453938936391b46e1,运维记录,OperationRecord,20210317160701345802002e8ce7f35,,fa fa-puzzle-piece,0,,true,admin,2021-03-17 16:07:36.000,false,0x00000000000251CA
202103171624066035313284168d901,运维记录,OperationRecord,20210317160736453938936391b46e1,OperationRecord,fa fa-puzzle-piece,0,,true,admin,2021-03-17 16:24:06.603,true,0x00000000000251C8
202103251516098441967a949fa0e6e,放行扣留物料权限维护,ConfigurableCommonCode,2016112411183638881743b5a255a86,ConfigurableCommonCode?ParentId=473&id=ReleaseHold,fa fa-puzzle-piece,0,,true,admin,2021-03-25 15:16:09.000,true,0x00000000000251CD
202104121414112061257d0e03b1475,放行扣留原因,MESZLKZ_Reason,20200720094246290473634913958b4,MESZLKZ_Reason?id=1,fa fa-puzzle-piece,0,,true,admin,2021-04-12 14:14:11.000,true,0x00000000000251E1
20210413165409683806810b5414791,3M成品月报,3MReport,2020021116302493324000811c17f07,T3MReport,fa fa-puzzle-piece,21,,true,admin,2021-04-13 16:54:09.683,true,0x00000000000251E2
202104161530059724876030ec98614,汉高成品月报,HGReport,2020021116302493324000811c17f07,HGReport,fa fa-puzzle-piece,22,,true,admin,2021-04-16 15:30:05.973,true,0x00000000000251E3
202104191435299198382a74eae1fb5,免检到期,MESZLKZ_InspectionExemption,20200720094246290473634913958b4,QualityControl/MESZLKZ_InspectionExemption,fa fa-puzzle-piece,0,,true,admin,2021-04-19 14:35:29.920,true,0x00000000000251E4
2021042109531561385640c351604fa,栈板拆分原因,MESZLKZ_Reason,2020072015252716907476f201d45a8,MESZLKZ_Reason?id=2,fa fa-puzzle-piece,20,,true,admin,2021-04-21 09:53:15.000,true,0x00000000000251E6
202105101647172831628271ae8d079,栈板拆分原因,MESZLKZ_Reason,20200720094246290473634913958b4,MESZLKZ_Reason?id=2,fa fa-puzzle-piece,0,,true,admin,2021-05-10 16:47:17.000,true,0x00000000000251F3
2021051917544545304621b78277ca8,检验审核权限,ConfigurableCommonCode,2016112411183638881743b5a255a86,ConfigurableCommonCode?id=18e05406-1578-4ee8-9bd0-0565a4adf6c6,fa fa-puzzle-piece,0,,true,admin,2021-05-19 17:54:45.000,true,0x000000000003E805
202105211612567686236f1712894e7,库龄查询Old,StockAgeReport,2020021116302493324000811c17f07,StockAgeReport,fa fa-puzzle-piece,0,,true,admin,2021-05-21 16:12:56.000,true,0x0000000000027130
20210527205434254911441e799b744,放行扣留历史查询,HoldReleaseHistory,2020021116302493324000811c17f07,HoldReleaseHistory,fa fa-puzzle-piece,0,,true,admin,2021-05-27 20:54:34.257,true,0x00000000000251F7
2021052810184383428630217b67ddf,成品准备基础信息审核,MESSCMX_TurnoffBusicsApprove,20200720094246290473634913958b4,MESSCMX_TurnoffBusicsApprove,fa fa-puzzle-piece,0,,true,admin,2021-05-28 10:18:43.833,true,0x00000000000251F8
202106011644427239674b0713f27ba,BTN数据管理,BTN,0,BTN,fa fa-puzzle-piece,11,,true,admin,2021-06-01 16:44:42.000,false,0x0000000000027111
202106011645082645434bd964ed6b7,BTN数据管理,BTN,202106011644427239674b0713f27ba,,fa fa-puzzle-piece,0,,true,admin,2021-06-01 16:45:08.000,false,0x00000000000251FE
2021060116481140452604700fe6588,数据接收,BTN_ReceiveDate,202106011645082645434bd964ed6b7,QualityControl/BTN_ReceiveDate,fa fa-puzzle-piece,0,,true,admin,2021-06-01 16:48:11.000,true,0x0000000000025202
202106161613422822367436a3441de,质量库存查询,StockQueryQuality,2020021116302493324000811c17f07,StockQueryQuality,fa fa-puzzle-piece,0,,true,admin,2021-06-16 16:13:42.283,true,0x0000000000025203
202106161925435512013661c812544,物料放行扣留,StockQueryQualityHold,20200720094246290473634913958b4,StockQueryQualityHold,fa fa-puzzle-piece,0,,true,admin,2021-06-16 19:25:43.550,true,0x0000000000025204
20210628160603225544282021e188d,质量库存查询,StockQueryQuality,20200720094246290473634913958b4,StockQueryQuality,fa fa-puzzle-piece,0,,true,admin,2021-06-28 16:06:03.227,true,0x0000000000025205
202107080947072332373ca71aa27b2,库存查询,StockQuery2,2020072015252716907476f201d45a8,StockQuery2,fa fa-puzzle-piece,0,,true,admin,2021-07-08 09:47:07.233,true,0x0000000000027101
202107121146518015020856b509fb6,查询管理,Query,0,,fa fa-puzzle-piece,5,,true,admin,2021-07-12 11:46:51.000,false,0x000000000002710B
202107290902404384903e59ba74997,工作量统计查询,QUERY,2020021116302493324000811c17f07,WarehouseOperation/CKZY_WorkloadAccount,fa fa-puzzle-piece,-2,,true,admin,2021-07-29 09:02:40.000,true,0x0000000000027126
202108012106071051823c82bd82b60,线边查询,StockLineQuery,2020021116302493324000811c17f07,StockLineQuery,fa fa-puzzle-piece,0,,true,admin,2021-08-01 21:06:07.107,true,0x0000000000027127
2021080309064723457187eac0d41d8,PDF解析,MESZLKZ_PDF,20200720094246290473634913958b4,QualityControl/MESZLKZ_PDF,fa fa-puzzle-piece,0,,true,admin,2021-08-03 09:06:47.250,true,0x0000000000027128
202108041301198645970c2a518b915,半成品抽样标签,ZLKZ_BCPSamplingLabel,20200720094246290473634913958b4,QualityControl/ZLKZ_BCPSamplingLabel,fa fa-puzzle-piece,0,,true,admin,2021-08-04 13:01:19.867,true,0x0000000000027129
2021081314440942273671e9423e39b,流水号拆分原因,MESZLKZ_Reason,20200720094246290473634913958b4,MESZLKZ_Reason?id=3,fa fa-puzzle-piece,0,,true,admin,2021-08-13 14:44:09.000,true,0x000000000002712B
202108261014529012680cedd0d4482,虚拟库维护,VirtualLocation,2020072015252716907476f201d45a8,ConfigurableCommonCodeDeafult?ParentId=50&id=VirtualLocation,fa fa-puzzle-piece,0,,true,admin,2021-08-26 10:14:52.000,true,0x0000000000027132
20210902212527430820351845bd316,库龄查询,呆滞日期,2020021116302493324000811c17f07,StockDeadDate,fa fa-puzzle-piece,0,,true,admin,2021-09-02 21:25:27.000,true,0x000000000002712F
2021090310023919778815912657bba,看板信息维护,StorageInformation,2020072015252716907476f201d45a8,StorageInformation,fa fa-puzzle-piece,0,,true,admin,2021-09-03 10:02:39.197,true,0x0000000000027131
202109071046289070484e69c938595,包材原液更换记录表,PackageWeightMaterialChangeRecord,202002111630423331969cba7a8cc01,CPReport/PackageWeightMaterialChangeRecord,fa fa-puzzle-piece,0,,true,admin,2021-09-07 10:46:28.000,true,0x0000000000027138
202109090906056137523d65bb0d18f,整箱产品称重范围设置表,WeightOfOneCaseProductsSettingFoam,202002111630423331969cba7a8cc01,CPReport/WeightOfOneCaseProductsSettingFoam,fa fa-puzzle-piece,0,,true,admin,2021-09-09 09:06:05.613,true,0x0000000000027139
202109091111214061724c6fcabae68,包材编号检查表,PackingMaterialNumberChecklist_Report,202002111630423331969cba7a8cc01,CPReport/PackingMaterialNumberChecklist_Report,fa fa-puzzle-piece,0,,true,admin,2021-09-09 11:11:21.000,true,0x000000000002EE15
202109092025364171145b48a0594de,气雾剂在线成品检测报告,EndOfLineTestReport,202002111630423331969cba7a8cc01,CPReport/EndOfLineTestReport,fa fa-puzzle-piece,0,,true,admin,2021-09-09 20:25:36.417,true,0x000000000002713B
202109092119181128036c92b016965,在线产品封口宽度检测表,OnLineSealWidthCheckForm,202002111630423331969cba7a8cc01,CPReport/OnLineSealWidthCheckForm,fa fa-puzzle-piece,0,,true,admin,2021-09-09 21:19:18.113,true,0x000000000002713C
20210910104032925264765a292bf65,称重设备检查表,WeightingEquipmentCheckFoam,202002111630423331969cba7a8cc01,CPReport/WeightingEquipmentCheckFoam,fa fa-puzzle-piece,0,,true,admin,2021-09-10 10:40:32.927,true,0x000000000002713D
2021091314381919709624bf4bf2217,在线产品真空泄露检测表,OnLineSealLeakageCheckForm,202002111630423331969cba7a8cc01,CPReport/OnLineSealLeakageCheckForm,fa fa-puzzle-piece,0,,true,admin,2021-09-13 14:38:19.000,true,0x000000000002EE1B
20210913153225331788927d9257f31,在线产品长度检测表,OnLineLengthCheckForm,202002111630423331969cba7a8cc01,CPReport/OnLineLengthCheckForm,fa fa-puzzle-piece,0,,true,admin,2021-09-13 15:32:25.333,true,0x000000000002713F
20210913155418267518163fcd5addf,在线产品封尾左右偏差,OnLineSealingAroundDeviationAndLengthCheckForm,202002111630423331969cba7a8cc01,CPReport/OnLineSealingAroundDeviationAndLengthCheckForm,fa fa-puzzle-piece,0,,true,admin,2021-09-13 15:54:18.000,true,0x000000000002904D
2021091316592471595181352144117,在线产品条码、花盒条码、纸箱条码扫描仪检测表,OnLineBarCodeScanCheckFoam,202002111630423331969cba7a8cc01,CPReport/OnLineBarCodeScanCheckFoam,fa fa-puzzle-piece,0,,true,admin,2021-09-13 16:59:24.717,true,0x0000000000027141
20210924102501415394937604a4951,成品报表,,20200720094152990704841512decac,,fa fa-puzzle-piece,0,,true,admin,2021-09-24 10:25:01.000,false,0x0000000000029042
202109241025546595735e236c11136,包材编号检查表,,20210924102501415394937604a4951,CPReportList/PackingMaterialNumberChecklist,fa fa-puzzle-piece,0,,true,admin,2021-09-24 10:25:54.000,true,0x0000000000029049
2021092614331052762536239b91548,中心线控制项,MESGYLC_CanningEquipment,2020021112315564714004791f7cc51,MESGYLC_CanningEquipment,fa fa-puzzle-piece,0,,true,admin,2021-09-26 14:33:10.527,true,0x000000000002904A
2021092617264698818006ddf82df70,中心线设备组,MESGYLC_CanningEquipmentGroup,2020021112315564714004791f7cc51,MESGYLC_CanningEquipmentGroup,fa fa-puzzle-piece,0,,true,admin,2021-09-26 17:26:46.987,true,0x000000000002904B
2021100915561300096841f7ecac6aa,设备中心线,MESGYLC_CenterLine,2020021112315564714004791f7cc51,MESGYLC_CenterLine,fa fa-puzzle-piece,0,,true,admin,2021-10-09 15:56:13.000,true,0x000000000002904C
202110150959060826377bda275c500,报废原因,MESZLKZ_Reason,2020021112315564714004791f7cc51,MESZLKZ_Reason?id=4,fa fa-puzzle-piece,0,,true,admin,2021-10-15 09:59:06.083,true,0x000000000002904E
202110260959011371701d3745c6378,栈板拆分原因,,2020072015252716907476f201d45a8,MESZLKZ_Reason?id=3,fa fa-puzzle-piece,0,,true,admin,2021-10-26 09:59:01.137,true,0x000000000002AF82
202110260959329658397f19e2a13c3,流水号拆分原因,,2020072015252716907476f201d45a8,MESZLKZ_Reason?id=3,fa fa-puzzle-piece,0,,true,admin,2021-10-26 09:59:32.967,true,0x000000000002AF83
202111041328573188784f62b537666,在线射印印录表,OnLineCodeDateRecordForm,202002111630423331969cba7a8cc01,CPReport/OnLineCodeDateRecordForm,fa fa-puzzle-piece,0,,true,admin,2021-11-04 13:28:57.000,true,0x000000000002AF9E
202111041433570228989c940fa4a90,在线扭矩质量检测表,OnLineTorqueControlChart,202002111630423331969cba7a8cc01,CPReport/OnLineTorqueControlChart,fa fa-puzzle-piece,0,,true,admin,2021-11-04 14:33:57.000,true,0x000000000002AFA2
202111051601170927794ec34ca488d,在线产品封口和真空度检测表,OnLineCrimpVacuumCheckSheet,202002111630423331969cba7a8cc01,CPReport/OnLineCrimpVacuumCheckSheet,fa fa-puzzle-piece,0,,true,admin,2021-11-05 16:01:17.093,true,0x000000000002AFA4
2021110913592520969216f98851773,未完成工单查询,MfgOrderQuery,2020021116302493324000811c17f07,MfgOrderQuery,fa fa-puzzle-piece,0,,true,admin,2021-11-09 13:59:25.210,true,0x000000000002AFA5
202111091744198082409459b2daa3d,罐装工艺,,2019122410042707389827aef86555d,,fa fa-puzzle-piece,0,,true,admin,2021-11-09 17:44:19.000,false,0x000000000002AFA7
202111091745578818226a7c2c8a313,生产包材控制表,ProductionRoductionComponentsControlList,202111091744198082409459b2daa3d,ProductionRoductionComponentsControlList,fa fa-puzzle-piece,0,,true,admin,2021-11-09 17:45:57.883,true,0x000000000002AFA8
202111101245007627023094f30f697,BPR跳步权限维护,ConfigurableCommonCode,2016112411183638881743b5a255a86,CConfigurableCommonCode?id=21297bdc-2613-4e85-9dd1-644e8bf2d30f,fa fa-puzzle-piece,0,,true,admin,2021-11-10 12:45:00.000,true,0x0000000000040747
202111101517537106078d31a2e06c0,配制设备检查基础信息维护,PZIMEICheck,20200607185617689769046fdfcda28,PZIMEICheck,fa fa-puzzle-piece,0,,true,admin,2021-11-10 15:17:53.000,true,0x000000000002CEC1
202111231550235482567ab2d562c47,配制设备检查记录,PZIMEICheck,2020051109275606526817075b66ac4,#,fa fa-puzzle-piece,0,,true,admin,2021-11-23 15:50:23.547,true,0x000000000002CEC2
202111241404473732881552131f94e,EXP,EXP,20200921171609223344842d955660e,#,fa fa-puzzle-piece,0,,true,admin,2021-11-24 14:04:47.373,true,0x000000000002CEC3
2021113017185285061873fac4a80d6,在线热水浴检查表,OnLineHotTankCheckSheet,202002111630423331969cba7a8cc01,CPReport/OnLineHotTankCheckSheet,fa fa-puzzle-piece,0,,false,admin,2021-11-30 17:18:52.000,true,0x0000000000034BC5
202112021500140936519cae7558a64,配制设备检查记录表,PZIMEICheckReport,202003120948518662257d6dddbe5f8,PZIMEICheckReport,fa fa-puzzle-piece,0,,true,admin,2021-12-02 15:00:14.093,true,0x000000000002EE01
2021120711011311951047d559f63ec,配制清洗工艺设置,TechnologicalProcess/MESGYLC_CleanProcess,2020021112315564714004791f7cc51,TechnologicalProcess/MESGYLC_CleanProcess,fa fa-puzzle-piece,0,,true,admin,2021-12-07 11:01:13.000,true,0x000000000002EE03
20211213165425459024397208ad97c,配制清洗工艺核准,TechnologicalProcess/MESGYLC_CleanProcessApprovel,2020021112315564714004791f7cc51,TechnologicalProcess/MESGYLC_CleanProcessApprovel,fa fa-puzzle-piece,0,,true,admin,2021-12-13 16:54:25.000,true,0x000000000002EE05
202112131702571894983bddfa5fae3,配制区域生产前清场记录表,PZClearCheck,20200607185617689769046fdfcda28,PZClearCheck,fa fa-puzzle-piece,0,,true,admin,2021-12-13 17:02:57.190,true,0x000000000002EE06
2021121411454313541732854a0417d,配制后清洗,CleanBPREnd,2020051109275606526817075b66ac4,CleanBPREnd,fa fa-puzzle-piece,0,,true,admin,2021-12-14 11:45:43.000,true,0x000000000002EE08
20211215090102102336067d36a1b7b,配制区域生产前清场记录,frmME_PZClearCheck,2020051109275606526817075b66ac4,#,fa fa-puzzle-piece,0,,true,admin,2021-12-15 09:01:02.103,true,0x000000000002EE09
20211215092207392230533300f319f,配制区域生产前清场记录表,PZClearCheckReport,202003120948518662257d6dddbe5f8,PZClearCheckReport,fa fa-puzzle-piece,0,,true,admin,2021-12-15 09:22:07.393,true,0x000000000002EE0A
202112201325523660177521abe1b54,配制清洗记录表,CleanProcess,202003120948518662257d6dddbe5f8,CleanProcess,fa fa-puzzle-piece,0,,true,admin,2021-12-20 13:25:52.367,true,0x000000000002EE0B
20211220160627221934566c619b711,损耗对照表,ConfigurableReport,202111091744198082409459b2daa3d,ConfigurableReport?id=98b6959a-4923-4740-a1aa-826a0e67301a,fa fa-puzzle-piece,0,,true,admin,2021-12-20 16:06:27.223,true,0x000000000002EE0C
20211221111417249883891c5bb0aeb,设备中心线审核,MESGYLC_CenterLineApprove,2020021112315564714004791f7cc51,MESGYLC_CenterLineApprove,fa fa-puzzle-piece,0,,true,admin,2021-12-21 11:14:17.000,true,0x000000000002EE0E
202112221437045103801a29c24aece,生产前准备表,PreparationProductionForm,202002111630423331969cba7a8cc01,CPReport/PreparationProductionForm,fa fa-puzzle-piece,0,,true,admin,2021-12-22 14:37:04.510,true,0x000000000002EE0F
20211223095929061180684b7420608,DC2,DC2,20200921171609223344842d955660e,#,fa fa-puzzle-piece,0,,true,admin,2021-12-23 09:59:29.000,true,0x000000000002EE11
2022010313023203237279534bed548,新线边查询,StockQuery2,2020021116302493324000811c17f07,StockQuery2?LotEstate=1,fa fa-puzzle-piece,0,,true,admin,2022-01-03 13:02:32.033,true,0x000000000002EE13
2022011016554889894488a66ca228e,TREEVIEWTEST,TREEVIEWTEST,2020051109275606526817075b66ac4,TREEVIEWTEST,fa fa-puzzle-piece,0,,true,admin,2022-01-10 16:55:48.900,true,0x000000000002EE16
202201121316356693967fb5c906311,特殊性物料维护,MESGYLC_OneTimeProducts,2020021112315564714004791f7cc51,TechnologicalProcess/MESGYLC_OneTimeProducts,fa fa-puzzle-piece,0,,true,admin,2022-01-12 13:16:35.670,true,0x000000000002EE17
202201121701040930010aaf2ea9876,配制设备检查基础信息维护审核,PZIMEICheckReviewed,20200607185617689769046fdfcda28,PZIMEICheckReviewed,fa fa-puzzle-piece,0,,true,admin,2022-01-12 17:01:04.093,true,0x000000000002EE18
2022011219534685659365d3bb57a96,配制区域生产前清场记录表审核,PZClearCheckReviewed,20200607185617689769046fdfcda28,PZClearCheckReviewed,fa fa-puzzle-piece,0,,true,admin,2022-01-12 19:53:46.000,true,0x000000000002EE1A
202201131321194089917132458652c,在线产品压爆泄露检测表,OnLinePressureLeakageCheck,202002111630423331969cba7a8cc01,CPReport/OnLinePressureLeakageCheck,fa fa-puzzle-piece,0,,true,admin,2022-01-13 13:21:19.410,true,0x000000000002EE1C
2022011716425131187225640339320,在线原液重量控制表,GetOnLineStosteWeight,202002111630423331969cba7a8cc01,GetOnLineStosteWeight,fa fa-puzzle-piece,0,,true,admin,2022-01-17 16:42:51.000,true,0x000000000002EE21
2022020715222657127786a318ad352,称重设备检查表,WeightingEquipmentFoam,202002111630423331969cba7a8cc01,CPReport/WeightingEquipmentFoam,fa fa-puzzle-piece,0,,true,admin,2022-02-07 15:22:26.000,true,0x000000000002EE32
202203020929381447419612e7e37c5,产线设备组,MESGYLC_CanningProductLineGroup,2020021112315564714004791f7cc51,MESGYLC_CanningProductLineGroup,fa fa-puzzle-piece,0,,true,admin,2022-03-02 09:29:38.147,true,0x000000000002EE24
20220302105529932645583cbb65b69,在线标签检查表,OnLineLableCheck,202002111630423331969cba7a8cc01,CPReport/OnLineLableCheck,fa fa-puzzle-piece,0,,true,admin,2022-03-02 10:55:29.933,true,0x000000000002EE25
202203081103040800420205163265a,数据库字典维护,DBDictionary,2016112411183638881743b5a255a86,DBDictionary,fa fa-puzzle-piece,0,,true,admin,2022-03-08 11:03:04.080,true,0x000000000002EE26
202203091522389796761c93ad34fb7,在线阀杆高度检测表,OnLineSTMHeightCheck,202002111630423331969cba7a8cc01,CPReport/OnLineSTMHeightCheck,fa fa-puzzle-piece,0,,true,admin,2022-03-09 15:22:38.980,true,0x000000000002EE27
2022031016333571361097aef946d92,在线产品拉伸度检测表,OnLineActivationCheck,202002111630423331969cba7a8cc01,CPReport/OnLineActivationCheck,fa fa-puzzle-piece,0,,true,admin,2022-03-10 16:33:35.713,true,0x000000000002EE28
202203132058349560158bb85644c9e,中心线录入,MESGYLC_CenterlineEntry,2020021112315564714004791f7cc51,TechnologicalProcess/MESGYLC_CenterlineEntry,fa fa-puzzle-piece,0,,true,admin,2022-03-13 20:58:34.957,true,0x000000000002EE2B
20220315131923705609055218f1885,在线气体重量控制表,OnLinePropellantWeightCheck,202002111630423331969cba7a8cc01,CPReport/OnLinePropellantWeightCheck,fa fa-puzzle-piece,0,,true,admin,2022-03-15 13:19:23.000,true,0x000000000002EE2E
202203181315162011251fe699424ce,在线TAMU检查表,OnLineTAMUCheck,202002111630423331969cba7a8cc01,CPReport/OnLineTAMUCheck,fa fa-puzzle-piece,0,,true,admin,2022-03-18 13:15:16.200,true,0x000000000002EE30
2022032510053484299243e8ca67d4d,中心线控制项曲线,MESGYLC_CenterlineEntryDiagram,2019123009100140258234c8769d56c,TechnologicalProcess/MESGYLC_CenterlineEntryDiagram,fa fa-puzzle-piece,0,,true,admin,2022-03-25 10:05:34.843,true,0x000000000002EE31
202204251425265192078e073d4fec9,生产数量维护,ProductCountCollect,2020030214453246301546be8417a3c,MESSCMX_ProductCountCollect,fa fa-puzzle-piece,0,,true,admin,2022-04-25 14:25:26.520,true,0x000000000002EE33
202204291109192245848422340b7fa,通用报表检测表,TableFormCheck,202002111630423331969cba7a8cc01,CPReport/TableFormCheck,fa fa-puzzle-piece,0,,true,admin,2022-04-29 11:09:19.227,true,0x000000000002EE34
2022050623312724951725c50778b29,流水号变更日期,MESBT_LotChangeDate,20200720094246290473634913958b4,BatchTool/MESBT_LotChangeDate,fa fa-puzzle-piece,0,,true,admin,2022-05-06 23:31:27.250,true,0x000000000002EE35
20220508121128925733948736e5ded,物料开箱提醒,MESGYLC_ProductSuitcase,20200720094246290473634913958b4,TechnologicalProcess/MESGYLC_ProductSuitcase,fa fa-puzzle-piece,0,,true,admin,2022-05-08 12:11:28.927,true,0x000000000002EE36
2022050821435809207190ee1df43cb,配制抽样标签,ZLKZ_PZSamplingLabel,20200720094246290473634913958b4,QualityControl/ZLKZ_PZSamplingLabel,fa fa-puzzle-piece,0,,true,admin,2022-05-08 21:43:58.093,true,0x000000000002EE37
2022051019315371981627b5151d815,在线成品基础审核,MESSCMX_FinishedProductFoundationApprove,2020030214453246301546be8417a3c,MESSCMX_FinishedProductFoundationApprove,fa fa-puzzle-piece,0,,true,admin,2022-05-10 19:31:53.720,true,0x0000000000030D41
202205161553422350504cf5892020b,质量追溯查询,QualityTraceabilityQuery,2020021116302493324000811c17f07,WarehouseOperation/QualityTraceabilityQuery,fa fa-puzzle-piece,0,,true,admin,2022-05-16 15:53:42.000,true,0x0000000000030D46
202210251721266063453b80ecaeb2e,留样标签查询,SampleLabelQuery,20200720094246290473634913958b4,SampleLabelQuery,fa fa-puzzle-piece,0,,true,admin,2022-10-25 17:21:26.000,true,0x0000000000030D54
2022102517230139184025aa7bcbed4,抽样标签查询,SamplingLabelQueries,20200720094246290473634913958b4,SamplingLabelQueries,fa fa-puzzle-piece,0,,true,admin,2022-10-25 17:23:01.000,true,0x0000000000030D50
202305291520094606658fca8ce6c19,罐装生产报表,ProductionReportForCanningDepartment,2019123009100140258234c8769d56c,ProductionReportForCanningDepartment,fa fa-puzzle-piece,0,,true,admin,2023-05-29 15:20:09.460,true,0x0000000000034BC1
202305311657020380161cca9adad37,生产实绩录入,ProductionPerformanceInput,2020051109275606526817075b66ac4,#,fa  fa-battery-empty,0,,true,admin,2023-05-31 16:57:02.000,true,0x000000000004A396
202306120857208436088cdc1e9d2dd,在线质量报表开启,MESZLKZ_ReportVersion,20200720094246290473634913958b4,QualityControl/MESZLKZ_ReportVersion,fa fa-puzzle-piece,0,,true,admin,2023-06-12 08:57:20.000,true,0x0000000000034BC4
2023062910554028590638901fd4156,成品检验,MESZLKZ_InspectionCP,20200720094246290473634913958b4,QualityControl/MESZLKZ_InspectionCP,fa fa-puzzle-piece,0,,true,admin,2023-06-29 10:55:40.287,true,0x0000000000034BC6
202306301557266164248b6a448ee41,挑料表,ProductionPick,20200819165514229937402b0f05d8f,WarehouseOperation/ProductionPick,fa fa-puzzle-piece,0,,true,admin,2023-06-30 15:57:26.617,true,0x0000000000034BC7
2023090315352829048337a81fb534a,原料称重复核,frmME_IssueMaterialCheck,2020051109275606526817075b66ac4,,fa fa-puzzle-piece,0,,true,admin,2023-09-03 15:35:28.290,true,0x0000000000036B01
202312131057411585055593e337e79,异常接口处理,ExceptionInterfaceHandling,2016112411183638881743b5a255a86,OperationLog/InterfaceTask,fa fa-puzzle-piece,0,,false,admin,2023-12-13 10:57:41.000,true,0x0000000000038A42
202312131124050790064247b32b942,异常接口处理,ExceptionInterfaceHandling,20210317160736453938936391b46e1,OperationLog/InterfaceTask,fa fa-puzzle-piece,0,,true,admin,2023-12-13 11:24:05.080,true,0x0000000000038A43
202312131155104379508335384576f,交叉表查询,MaterialCross,20210317160736453938936391b46e1,ConfigurableReport?id=8b78da85-8000-4c29-8f22-44c2281a201e,fa fa-puzzle-piece,0,,true,admin,2023-12-13 11:55:10.437,true,0x0000000000038A44
202312201739198089643fe29c9c6a9,原料称重-气,,2020051109275606526817075b66ac4,,fa fa-puzzle-piece,0,,true,admin,2023-12-20 17:39:19.810,true,0x000000000003A981
202312271439316090279d11b97e6c1,BOM,ProductBOM,2020030214453246301546be8417a3c,MESSCMX_Product/ProductBOM,fa fa-puzzle-piece,0,,true,admin,2023-12-27 14:39:31.000,true,0x000000000003A984
202404181122187127163ae9c639c4a,每日巡检,helpdesk,20210317160736453938936391b46e1,ConfigurableReport?id=88edab1b-b2a0-4e4b-a104-0a22304912ad,fa fa-puzzle-piece,0,,true,admin,2024-04-18 11:22:18.000,true,0x0000000000042681
202406191618381412102cca8c4e256,学习,,20210317160736453938936391b46e1,ConfigurableReport?id=c47085e2-f6d2-4f42-99e1-1ed3cfd830dc,fa fa-puzzle-piece,0,,true,admin,2024-06-19 16:18:38.140,true,0x000000000003E801
20240724082607405762306106033ba,先进先出维护,先进先出维护,2016112411183638881743b5a255a86,ConfigurableCommonCode?id=ccf04993-fcf7-4026-ba86-6111881839ec,fa fa-puzzle-piece,0,,true,admin,2024-07-24 08:26:07.000,true,0x000000000003E803
20240926162359029580219334b70fa,SNS,SNS,20200921171609223344842d955660e,#,fa fa-puzzle-piece,0,,true,admin,2024-09-26 16:23:59.000,true,0x0000000000040745
20240930111128657933195677d0714,ZBS,ZBS,20200921171609223344842d955660e,,fa fa-puzzle-piece,0,PDA-栈版拆分,true,admin,2024-09-30 11:11:28.657,true,0x0000000000040746
202502171103371465961886044e064,工单产出送库未入库,工单产出送库未入库,20210317160736453938936391b46e1,ConfigurableReport?id=12847e0a-d227-426d-98d1-522ce9a07c93,fa fa-puzzle-piece,0,,true,admin,2025-02-17 11:03:37.000,true,0x0000000000042683
2025021711163297410322b70437523,每日库存查询,每日库存查询,20210317160736453938936391b46e1,ConfigurableReport?id=0ee392a3-e487-4e98-acd0-d5d1fe1adc55,fa fa-puzzle-piece,0,,true,admin,2025-02-17 11:16:32.973,true,0x0000000000042684
202503070955486911539c1b609c86f,发料备货查询,WarehouseOperation/CKZY_OutStockQuery/OutStockPreparation,2020021116302493324000811c17f07,WarehouseOperation/CKZY_OutStockQuery/OutStockPreparation,fa fa-puzzle-piece,0,,true,admin,2025-03-07 09:55:48.690,true,0x00000000000445C1
2025060523000101332655988586fc7,质量重要事项跟踪,QualityItems,20200720094246290473634913958b4,QualityControl/QualityItems,fa fa-puzzle-piece,0,,true,admin,2025-06-05 23:00:01.013,true,0x0000000000046501
2025062408380402598994f268c8632,产线区域维护,ProductionLineAreas,2020021112315564714004791f7cc51,TechnologicalProcess/ProductionLineAreas,fa fa-puzzle-piece,0,,true,admin,2025-06-24 08:38:04.000,true,0x0000000000046503
2025071413192001636447508dee3b2,自定义栈位数量,CustomerSlotAllocation,2020072015252716907476f201d45a8,WarehouseOperation/CustomerSlotAllocation,fa fa-puzzle-piece,0,,true,admin,2025-07-14 13:19:20.000,true,0x0000000000046506
2025071708483938783635725a86141,SCAL物料留样标签,ZLKZ_ProductRetentionSampleLabel,20200720094246290473634913958b4,QualityControl/ZLKZ_ProductRetentionSampleLabel,fa fa-puzzle-piece,0,,true,admin,2025-07-17 08:48:39.390,true,0x0000000000046507
202507240854387604334274c6c6168,接口日志查询,InterfaceLogQuery,20210317160736453938936391b46e1,ConfigurableReport?id=8c593317-aebd-4651-9a9a-284531dc25c1,fa fa-puzzle-piece,0,,true,admin,2025-07-24 08:54:38.000,true,0x0000000000046509
202508261428292448877d7612e8b82,班次维护,Shift,2020021112315564714004791f7cc51,TechnologicalProcess/Shift,fa  fa-rss,0,,true,admin,2025-08-26 14:28:29.247,true,0x000000000004650A
2025090914084179129228fa78ee87c,岗位基础数据,岗位基础数据,202509091408229850067a7ca970cf9,,fa fa-puzzle-piece,0,,true,admin,2025-09-09 14:08:41.000,true,0x0000000000048480
202509091434106269060ea2024965f,系统管理,xtgl,payroll,1,icon-settings,1,,true,admin,2025-09-09 14:34:10.000,false,0x000000000004A3A3
202509091434242992042d582a1300a,岗位管理,岗位基础数据,202509091434106269060ea2024965f,position-table,icon-user-group,2,,true,admin,2025-09-09 14:34:24.000,true,0x000000000004A3A9
202509091434399151741406d61be8f,人员管理,EmployeeBasicData,202509091434106269060ea2024965f,employee-table,icon-user,5,,true,admin,2025-09-09 14:34:39.000,true,0x000000000004A3AD
20250915153231289863733dd266314,ERP推送记录查询,ERP推送记录查询,20210317160736453938936391b46e1,ConfigurableReport?id=0b16c51e-cfae-4ab1-a7a7-7e036a4a7918,fa fa-puzzle-piece,0,,true,admin,2025-09-15 15:32:31.290,true,0x000000000004848C
202509201544386981293a056222415,每日生产记录,每日生产记录,payroll,daily-production-records,abc,4,,true,admin,2025-09-20 15:44:38.000,true,0x000000000004A3B0
202509261749491681102c32ea0f961,配制原液工单记录表,WorkOrderIO,202003120948518662257d6dddbe5f8,WorkOrderIO,fa fa-puzzle-piece,0,,true,admin,2025-09-26 17:49:49.167,true,0x000000000004849E
202509280852120164026322edc373e,工单记录表,WorkOrderIO,2020021116302493324000811c17f07,WorkOrderIO,fa fa-puzzle-piece,0,,true,admin,2025-09-28 08:52:12.017,true,0x000000000004849F
20251015165647160859619987bc9cb,公司管理,,202509091434106269060ea2024965f,company-table,icon-idcard,1,,true,admin,2025-10-15 16:56:47.000,true,0x000000000004A3A8
2025101516571523908406e3a8e35ba,技能管理,,202509091434106269060ea2024965f,skill-table,fa fa-puzzle-piece,3,,true,admin,2025-10-15 16:57:15.000,true,0x000000000004A3AA
202510151657295962492c95c2ca170,岗位技能,,202509091434106269060ea2024965f,position-skill-table,fa fa-puzzle-piece,4,,true,admin,2025-10-15 16:57:29.000,true,0x000000000004A3AB
20251015165857616724007e374ee4a,基础数据,,payroll,base-config,icon-common,2,,true,admin,2025-10-15 16:58:57.000,false,0x000000000004A3AE
202510151659374515214b6ad4cd495,考勤报表,,payroll,shift-assignment,fa fa-puzzle-piece,5,,true,admin,2025-10-15 16:59:37.000,true,0x000000000004A3B1
202510151700100744183ac661348b8,薪资账期,,payroll,payroll-period,fa fa-puzzle-piece,7,,true,admin,2025-10-15 17:00:10.000,true,0x000000000004A3B3
202510151700469429279e8237551c9,额外工时管理,,payroll,5,icon-calendar-clock,3,,true,admin,2025-10-15 17:00:46.000,false,0x000000000004A3AF
202510151701070002092cf44c20071,入职培训工时,,202510151700469429279e8237551c9,training-hours-input,fa fa-puzzle-piece,0,,true,admin,2025-10-15 17:01:07.000,true,0x000000000004A384
202510151701204570772d0c794d4fc,特殊工时录入,,202510151700469429279e8237551c9,manual-work-hour-table,fa fa-puzzle-piece,0,,true,admin,2025-10-15 17:01:20.000,true,0x000000000004A385
2025101517013264162132c3a4cff71,计时计件审批,,payroll,work-order-approval-table,fa fa-puzzle-piece,6,,true,admin,2025-10-15 17:01:32.000,true,0x000000000004A3B2
202510151702091764028adac0c431a,计时计件明细,,payroll,time-piecework-details,fa fa-puzzle-piece,8,,true,admin,2025-10-15 17:02:09.000,true,0x000000000004A3B4
20251015170239122844637dd100ce2,计时计件汇总,,payroll,time-and-piecework-summary-table,fa fa-puzzle-piece,9,,true,admin,2025-10-15 17:02:39.000,true,0x000000000004A3B5
202510160932124107047effb2befbc,当班产出（计薪）查询,当班产出（计薪）查询,2020021116302493324000811c17f07,ConfigurableReport?id=5a2f2588-0ce4-4eba-b8c3-e205b0939b4d,fa fa-puzzle-piece,0,,true,admin,2025-10-16 09:32:12.410,true,0x00000000000484B7
2025102214203839917560ba852be55,设备清洗消毒,EquipmentMove,2020051109275606526817075b66ac4,,fa fa-puzzle-piece,0,,true,admin,2025-10-22 14:20:38.400,true,0x00000000000484B9
2025102710443329019089bc4174d73,月度用工时,,payroll,monthly-work-hour-finance-table,fa fa-puzzle-piece,10,,true,admin,2025-10-27 10:44:33.000,true,0x000000000004A3B6
2025102716125339311591a96d0a5f5,工作日历,,20251015165857616724007e374ee4a,calendar-table,fa fa-puzzle-piece,0,,true,admin,2025-10-27 16:12:53.000,true,0x000000000004A3B7
20251027161322513183737d0333f39,夜班补贴工资标准,,20251015165857616724007e374ee4a,night-shift-wages,fa fa-puzzle-piece,0,,true,admin,2025-10-27 16:13:22.513,true,0x000000000004A38A
2025102716133565574489a95a0ad69,计时计件工资规则,,20251015165857616724007e374ee4a,wage-rule-table,fa fa-puzzle-piece,0,,true,admin,2025-10-27 16:13:35.657,true,0x000000000004A38B
20251027161350750086824739aae8e,培训项目,,20251015165857616724007e374ee4a,training-hours-standard-table,fa fa-puzzle-piece,0,,true,admin,2025-10-27 16:13:50.000,true,0x000000000004A393
20251027161403530996233bf407fbb,组长兼线,,20251015165857616724007e374ee4a,leader-concurrent-line-table,fa fa-puzzle-piece,0,,true,admin,2025-10-27 16:14:03.530,true,0x000000000004A38D
202510271614206604653408b9c6fb0,配置表单,,20251015165857616724007e374ee4a,common-config-table,fa fa-puzzle-piece,0,,true,admin,2025-10-27 16:14:20.660,true,0x000000000004A38E
202510271614315918972d72aad7e27,工时类型维护,,20251015165857616724007e374ee4a,work-hour-type-table,fa fa-puzzle-piece,0,,true,admin,2025-10-27 16:14:31.593,true,0x000000000004A38F
202510271614514564551c11263b33e,工时类型工资规则,,20251015165857616724007e374ee4a,work-hour-formula-rule-table,fa fa-puzzle-piece,0,,true,admin,2025-10-27 16:14:51.000,true,0x000000000004A391
20251104095707418981738fa6f8d31,工资调整,adjustment-wage-detail-table,202510151700469429279e8237551c9,adjustment-wage-detail-table,fa fa-puzzle-piece,0,,true,admin,2025-11-04 09:57:07.420,true,0x000000000004A3A0
20251104131352582767448b8de6172,工资标准,wage-standard-table,20251015165857616724007e374ee4a,wage-standard-table,fa fa-puzzle-piece,0,,true,admin,2025-11-04 13:13:52.583,true,0x000000000004A3A1
2025110514575416123932866ffb1fe,邮件发送配置,EmailSendConfig,2016112411183638881743b5a255a86,EmailSendConfig,fa fa-puzzle-piece,0,,true,admin,2025-11-05 14:57:54.160,true,0x000000000004A3A2
202511141437282733291d559fe68bb,在职津贴,,202510151700469429279e8237551c9,employee-service-allowance,fa fa-puzzle-piece,3,,true,admin,2025-11-14 14:37:28.273,true,0x000000000004A3B8
2025122217442182914090693499338,打卡记录,,payroll,attendance-punch-table,fa fa-puzzle-piece,15,,true,admin,2025-12-22 17:44:21.000,true,0x000000000004C2C2
2025122414154380498775b270d38e1,计算模式配置,,20251015165857616724007e374ee4a,employment-position-calc-mode-table,fa fa-puzzle-piece,15,,true,admin,2025-12-24 14:15:43.000,true,0x000000000004C2C4
202601041409022527259267d93c091,实时工资单,,payroll,realtime-payroll-slip-table,fa fa-puzzle-piece,10,,true,admin,2026-01-04 14:09:02.253,true,0x000000000004C2C5
2026010711525283709293554824209,用工性质配置,,20251015165857616724007e374ee4a,employment-type-extension-table,fa fa-puzzle-piece,0,,true,admin,2026-01-07 11:52:52.837,true,0x000000000004C2C6
202604191146237737729fb8cf616fc,兼线管理,,payroll,leader-concurrent-line-manage,fa fa-puzzle-piece,16,,true,admin,2026-04-19 11:46:23.773,true,0x000000000004E201
2026043011450528728367393a9e3b2,工时分类汇总,,payroll,employee-work-hour-category-summary,fa fa-puzzle-piece,16,,true,admin,2026-04-30 11:45:05.287,true,0x000000000004E202
202605201114094265428e99c85498c,工单同步记录,,payroll,work-order-mes-sync,fa fa-puzzle-piece,20,,true,admin,2026-05-20 11:14:09.427,true,0x000000000004E203
20260625134701679364344307450fc,生产包材控制表录入,生产包材控制表录入,20200607185617689769046fdfcda28,ProductionComponentsControlReport,fa fa-puzzle-piece,0,,true,admin,2026-06-25 13:47:01.680,true,0x000000000004E204
2026062513522969588867acc8d665e,生产包材控制表,生产包材控制表,202003121006487811702f5966da183,ProductionComponentsControlReport/Query,fa fa-puzzle-piece,0,,true,admin,2026-06-25 13:52:29.697,true,0x000000000004E206
202607090911388217846075d7a80be,物料到货统计查询,MaterialArrival,2020021116302493324000811c17f07,MaterialArrival,fa fa-puzzle-piece,0,,true,admin,2026-07-09 09:11:38.823,true,0x000000000004E207
202607211551114670161eab9f801a5,微生物检验,QCProcessSpecMicrobeRecord,20200720094246290473634913958b4,QCProcessSpecMicrobeRecord,fa fa-puzzle-piece,0,,true,admin,2026-07-21 15:51:11.000,true,0x0000000000050143
ApiInterfaceAuth,Api接口授权,ApiInterfaceAuth,000,"",fa fa-television,1,Api接口授权,true,Admin,2016-07-26 23:30:35.380,false,0x0000000000003892
Areas,区域设置,Areas,DD,SysAreas,fa  fa-map-o,0,"",true,Administrator,2012-10-01 00:00:00.000,true,0x0000000000003893
BaseSample,模板样例,Sample by Ajax,201611241127104938174ca14069a09,SysSample,fa  fa-bullhorn,-1,,true,Administrator,,true,0x0000000000003894
Category,栏目设置,Category,Information,MIS/Category,fa fa-columns,3,"",true,Administrator,2012-10-01 00:00:00.000,true,0x0000000000003895
cs,CS客户端顶级菜单,csRoot,000,"",fa fa-television,2,"",true,Admin,2020-05-11 18:54:24.587,false,0x0000000000013888
DD,数据字典,Data Dictionary,SystemManage,,fa fa-list,4,,true,Administrator,2012-10-01 00:00:00.000,false,0x0000000000003896
Document,我的桌面,Start,PersonDocument,Home/Desktop,fa fa-desktop,0,,true,Administrator,2012-10-01 00:00:00.000,true,0x0000000000003897
Info,我的资料,Profile,PersonDocument,Home/Info,fa fa-file-text-o,0,,true,Administrator,2012-10-01 00:00:00.000,true,0x0000000000003898
InfoHome,主页,Home,Information,MIS/Article,fa  fa-pagelines,1,,true,Administrator,2012-10-01 00:00:00.000,true,0x0000000000003899
Information,内部资讯,Information,20161124112512659817453d009fb84,,fa  fa-newspaper-o,3,,true,Administrator,2012-10-01 00:00:00.000,false,0x000000000000389A
ManageInfo,管理中心,Manage Article,Information,MIS/ManageArticle,fa fa-align-center,4,,true,Administrator,2012-10-01 00:00:00.000,true,0x000000000000389B
ModuleSetting,模块维护,Module Setting,RightManage,SysModule,fa fa-indent,100,,true,Administrator,2012-10-01 00:00:00.000,true,0x000000000000389C
MyInfo,我的信息,My Article,Information,MIS/MyArticle,fa fa-envelope-o,2,,true,Administrator,2012-10-01 00:00:00.000,true,0x000000000000389D
payroll,计薪系统顶级菜单,payrollRoot,000,,fa fa-television,4,,true,Admin,2025-09-09 14:31:56.000,false,0x0000000000048484
pda,PDA顶级菜单,pdaRoot,000,"",fa fa-television,3,"",true,Admin,2020-09-21 17:10:09.537,false,0x000000000001B5C9
PersonDocument,个人中心,Person Center,20161124152221600817463b36b059e,home,fa fa-tachometer,2,,true,Administrator,2012-10-01 00:00:00.000,false,0x000000000000389E
QueryModuleAuthority,模块权限查询,Query Module Authority,2016112411160586981742d04305473,SysRightGetModuleRight,fa  fa-search,5,,true,Administrator,2012-10-01 00:00:00.000,true,0x000000000000389F
QueryRoleAuthority,角色权限查询,Query Role Authority,2016112411160586981742d04305473,SysRightGetRoleRight,fa  fa-search,4,,true,Administrator,2012-10-01 00:00:00.000,true,0x00000000000038A0
QueryUserAuthority,用户权限查询,Query User Authority,2016112411160586981742d04305473,SysRightGetUserRight,fa  fa-search,3,,true,Administrator,2012-10-01 00:00:00.000,true,0x00000000000038A1
RightManage,权限管理,Authorities Management,20161124111315488817464f920b54f,sys,fa fa-group,100,,true,Administrator,2012-10-01 00:00:00.000,false,0x000000000000C771
RoleAuthorize,角色权限设置,Role Authorize,RightManage,SysRight,fa  fa-key,6,,true,Administrator,2012-10-01 00:00:00.000,true,0x00000000000038A3
RoleManage,角色组管理,Role Manage,RightManage,SysRole,fa fa-users,2,,true,Administrator,2012-10-01 00:00:00.000,true,0x00000000000038A4
SystemConfig,系统配置,System Config,2016112411183638881743b5a255a86,SysConfig,fa fa-gears,0,,true,Administrator,2012-10-01 00:00:00.000,true,0x00000000000038A5
SystemExcepiton,系统异常,System Exception,2016112411183638881743b5a255a86,SysException,fa fa-question-circle,2,,true,Administrator,2012-10-01 00:00:00.000,true,0x00000000000038A6
SystemJobs,系统任务,System Jobs,TaskScheduling,Jobs/Jobs,fa fa-tasks,0,,true,Administrator,2012-10-01 00:00:00.000,true,0x00000000000038A7
SystemLog,系统日志,System Log,2016112411183638881743b5a255a86,SysLog,fa fa-history,1,,true,Administrator,2012-10-01 00:00:00.000,true,0x00000000000038A8
SystemManage,系统设置,Setting,0,sys,fa fa-gears,99,,true,Administrator,2012-10-01 00:00:00.000,false,0x000000000000C7C7
TaskScheduling,任务调度系统,Task scheduling,SystemManage,,fa fa-tasks,5,,true,Administrator,2012-10-01 00:00:00.000,false,0x00000000000038AA
UserManage,用户管理,User Manage,RightManage,SysUser,fa  fa-user,1,,true,Administrator,2012-10-01 00:00:00.000,true,0x000000000000C772
WebImTalk,IM常用语,Common Talk,DD,MIS/WebIM_CommonTalk,fa fa-qrcode,100,,true,Administrator,2012-10-01 00:00:00.000,true,0x00000000000038AC
